CountrySubdivision,CountrySubdivisionCode,Municipality,Latitude,Longitude,Country,CountryCode,CountryCode3
,,Victoria (historical),22.2875,114.144167,HONG KONG,HK,HKG
,,Tai Kek,22.416667,114.066667,HONG KONG,HK,HKG
,,Ha Yeung,22.3,114.283333,HONG KONG,HK,HKG
,,Yuen Long Kau Hui,22.45,114.033333,HONG KONG,HK,HKG
,,Tai Wo,22.466667,114.15,HONG KONG,HK,HKG
,,Wan Tsai,22.166667,114.25,HONG KONG,HK,HKG
,,Wan Chai,22.166667,114.25,HONG KONG,HK,HKG
,,Ma Shi Po,22.5,114.15,HONG KONG,HK,HKG
,,Chai Wan,22.266667,114.233333,HONG KONG,HK,HKG
,,Pak Shek Wo,22.333333,114.233333,HONG KONG,HK,HKG
,,Yi Chuen,22.35,114.05,HONG KONG,HK,HKG
,,Wang Toi Shan,22.45,114.1,HONG KONG,HK,HKG
,,Ma Mei Ha Leng Tsui,22.516667,114.166667,HONG KONG,HK,HKG
,,Lai Chi Yuen,22.383333,114.183333,HONG KONG,HK,HKG
,,Kennedy Town,22.283333,114.116667,HONG KONG,HK,HKG
,,Mau Ping,22.383333,114.233333,HONG KONG,HK,HKG
,,Tai Pak,22.3,114.016667,HONG KONG,HK,HKG
,,Shing Uk,22.266667,114.233333,HONG KONG,HK,HKG
,,Tsin Shui Ma Tau,22.283333,114.233333,HONG KONG,HK,HKG
,,Lower Keung Shan,22.25,113.883333,HONG KONG,HK,HKG
,,Keung Shan,22.25,113.883333,HONG KONG,HK,HKG
,,Wai Tsai,22.483333,114.05,HONG KONG,HK,HKG
,,Lin Au,22.45,114.15,HONG KONG,HK,HKG
,,Ma Yiu,22.45,114.233333,HONG KONG,HK,HKG
,,Tai Hong Wai,22.45,114.066667,HONG KONG,HK,HKG
,,Yung Shue Ha,22.2,114.133333,HONG KONG,HK,HKG
,,九龙,22.326692,114.186224,HONG KONG,HK,HKG
,,Jiulong,22.326692,114.186224,HONG KONG,HK,HKG
,,Chiu-lung,22.326692,114.186224,HONG KONG,HK,HKG
,,Kowloon,22.326692,114.186224,HONG KONG,HK,HKG
,,九龍,22.326692,114.186224,HONG KONG,HK,HKG
,,Nam Wai,22.35,114.25,HONG KONG,HK,HKG
,,Nam Chung Cheng Uk,22.516667,114.2,HONG KONG,HK,HKG
,,Kwun Hang,22.433333,114.25,HONG KONG,HK,HKG
,,Chung Kwai Chung,22.366667,114.133333,HONG KONG,HK,HKG
,,Kwai Chung,22.366667,114.133333,HONG KONG,HK,HKG
,,Kon Hang,22.433333,114.2,HONG KONG,HK,HKG
,,Ko Long,22.216667,114.1,HONG KONG,HK,HKG
,,Leung Fai Tin,22.3,114.283333,HONG KONG,HK,HKG
,,Au Tau,22.333333,114.25,HONG KONG,HK,HKG
,,Cheung Uk,22.483333,114.183333,HONG KONG,HK,HKG
,,Sha Lo Tung,22.483333,114.183333,HONG KONG,HK,HKG
,,Pak Kok Tsuen,22.233333,114.116667,HONG KONG,HK,HKG
,,Pak Kok Kau Tsuen,22.233333,114.116667,HONG KONG,HK,HKG
,,Pak Hok Chau,22.483333,114.05,HONG KONG,HK,HKG
,,Lam Uk Wai,22.416667,114.366667,HONG KONG,HK,HKG
,,Cheung Muk Tau,22.433333,114.25,HONG KONG,HK,HKG
,,Chek Kok Tau,22.55,114.283333,HONG KONG,HK,HKG
,,Chuk Kok,22.35,114.25,HONG KONG,HK,HKG
,,Mau Tin,22.35,114.266667,HONG KONG,HK,HKG
,,Ma Tso Lung,22.533333,114.083333,HONG KONG,HK,HKG
,,Ma Mei Ha,22.516667,114.166667,HONG KONG,HK,HKG
,,Ng Ka Tsuen,22.433333,114.066667,HONG KONG,HK,HKG
,,Ngau Shi Wu,22.516667,114.266667,HONG KONG,HK,HKG
,,Lok Ma Chau,22.516667,114.083333,HONG KONG,HK,HKG
,,Lak Ma Chau,22.516667,114.083333,HONG KONG,HK,HKG
,,Mong Kok,22.316667,114.166667,HONG KONG,HK,HKG
,,Shung Him Tong,22.5,114.15,HONG KONG,HK,HKG
,,Shui Tau,22.45,114.066667,HONG KONG,HK,HKG
,,San Keng,22.266667,113.933333,HONG KONG,HK,HKG
,,Shuen Wan Chan Uk,22.466667,114.2,HONG KONG,HK,HKG
,,Fung Hang,22.533333,114.216667,HONG KONG,HK,HKG
,,Fui Yiu Ha,22.383333,114.183333,HONG KONG,HK,HKG
,,Fui Yiu,22.383333,114.183333,HONG KONG,HK,HKG
,,Fa Sam Hang,22.383333,114.216667,HONG KONG,HK,HKG
,,Fan Leng Tai Wai,22.5,114.133333,HONG KONG,HK,HKG
,,Fan Leng Ching Wai,22.5,114.133333,HONG KONG,HK,HKG
,,Sai Pin Wai,22.45,114.033333,HONG KONG,HK,HKG
,,Sai Kung,22.383333,114.266667,HONG KONG,HK,HKG
,,Tai Wan,22.533333,114.2,HONG KONG,HK,HKG
,,Yau Kom Tau,22.35,114.083333,HONG KONG,HK,HKG
,,Wo Liu,22.433333,114.133333,HONG KONG,HK,HKG
,,Wang Tau Hom,22.35,114.183333,HONG KONG,HK,HKG
,,Wang Che,22.366667,114.233333,HONG KONG,HK,HKG
,,Tsz Tong Tsuen,22.5,114.15,HONG KONG,HK,HKG
,,Lo Tsuen,22.5,114.15,HONG KONG,HK,HKG
,,Tsiu Keng Pang Uk,22.483333,114.1,HONG KONG,HK,HKG
,,Wong Nai Phong Valley,22.266667,114.183333,HONG KONG,HK,HKG
,,K’uai-huo Ku,22.266667,114.183333,HONG KONG,HK,HKG
,,Happy Valley,22.266667,114.183333,HONG KONG,HK,HKG
,,Tai Po Mei,22.416667,114.2,HONG KONG,HK,HKG
,,Sheung Shui Choi Yuen Tsuen,22.5,114.133333,HONG KONG,HK,HKG
,,Ha Fa Shan,22.383333,114.083333,HONG KONG,HK,HKG
,,Chung Wan,22.283333,114.15,HONG KONG,HK,HKG
,,Choong Wan,22.283333,114.15,HONG KONG,HK,HKG
,,Central District,22.283333,114.15,HONG KONG,HK,HKG
,,Sheung Chung Mei,22.35,114.1,HONG KONG,HK,HKG
,,Shek Po Tsuen,22.45,114,HONG KONG,HK,HKG
,,Tin Fu Tsai,22.4,114.066667,HONG KONG,HK,HKG
,,Yung Shue Au,22.55,114.25,HONG KONG,HK,HKG
,,Wong Mo Ying,22.4,114.3,HONG KONG,HK,HKG
,,Wong Ka Wai,22.283333,113.933333,HONG KONG,HK,HKG
,,Pak Lap,22.35,114.35,HONG KONG,HK,HKG
,,Fan Kwai Tong,22.25,113.866667,HONG KONG,HK,HKG
,,Sham Chung,22.45,114.283333,HONG KONG,HK,HKG
,,Sam Chung,22.45,114.283333,HONG KONG,HK,HKG
,,Kam Cheuk Pai,22.483333,114.266667,HONG KONG,HK,HKG
,,Kam Chuk Pai,22.483333,114.266667,HONG KONG,HK,HKG
,,Kai Leng,22.5,114.133333,HONG KONG,HK,HKG
,,San Uk Tsai,22.516667,114.166667,HONG KONG,HK,HKG
,,Tan Kwai Tsuen,22.433333,114,HONG KONG,HK,HKG
,,Tai Shek Hau,22.2,114.016667,HONG KONG,HK,HKG
,,Sheung Miu Tin,22.5,114.25,HONG KONG,HK,HKG
,,Leng Pei Tsuen,22.516667,114.183333,HONG KONG,HK,HKG
,,Shuen Wan Lei Uk,22.466667,114.2,HONG KONG,HK,HKG
,,Sha Lo Tung Lo Wai,22.483333,114.183333,HONG KONG,HK,HKG
,,Ma Liu Shui,22.416667,114.216667,HONG KONG,HK,HKG
,,Mui Shui Hang,22.45,114.15,HONG KONG,HK,HKG
,,Mui Shue Hang,22.45,114.15,HONG KONG,HK,HKG
,,Morrison Hill,22.283333,114.183333,HONG KONG,HK,HKG
,,Mor Li Shan,22.283333,114.183333,HONG KONG,HK,HKG
,,Sheung Tsuen Lai Ka Tsz,22.433333,114.083333,HONG KONG,HK,HKG
,,Ha Loi Tung,22.516667,114.166667,HONG KONG,HK,HKG
,,Hei Tsz Wan,22.383333,114.316667,HONG KONG,HK,HKG
,,Keng Pang Ha,22.4,114.266667,HONG KONG,HK,HKG
,,Tin Sam,22.366667,114.183333,HONG KONG,HK,HKG
,,Che Kung Miu,22.366667,114.183333,HONG KONG,HK,HKG
,,Sha Po Ng Tsuen,22.45,114.05,HONG KONG,HK,HKG
,,Ping Tun,22.416667,114.3,HONG KONG,HK,HKG
,,Pat Tsz Wo,22.4,114.183333,HONG KONG,HK,HKG
,,Luk Chau,22.216667,114.133333,HONG KONG,HK,HKG
,,Kam Tsin,22.5,114.116667,HONG KONG,HK,HKG
,,San Shek Wan,22.233333,113.966667,HONG KONG,HK,HKG
,,Ma Yau Tong,22.316667,114.233333,HONG KONG,HK,HKG
,,Ma Lau Tong,22.316667,114.233333,HONG KONG,HK,HKG
,,Nga Tsin Wai,22.333333,114.183333,HONG KONG,HK,HKG
,,Tsing Lung Tau,22.36,114.044444,HONG KONG,HK,HKG
,,Tai Wan Tau,22.3,114.3,HONG KONG,HK,HKG
,,Ma Tau Kok,22.316667,114.183333,HONG KONG,HK,HKG
,,Wai Tau Tsuen,22.466667,114.15,HONG KONG,HK,HKG
,,Wai Tau,22.466667,114.15,HONG KONG,HK,HKG
,,Ha Che,22.45,114.083333,HONG KONG,HK,HKG
,,Pak Shin Kok,22.316667,114.266667,HONG KONG,HK,HKG
,,Kau Lau Wan,22.466667,114.366667,HONG KONG,HK,HKG
,,Yuen Long Town,22.433333,114.033333,HONG KONG,HK,HKG
,,Yuen Long Market,22.433333,114.033333,HONG KONG,HK,HKG
,,Yuen Long,22.433333,114.033333,HONG KONG,HK,HKG
,,Yüan-lang-hsin-hsü,22.433333,114.033333,HONG KONG,HK,HKG
,,Yuen Long San Hui,22.433333,114.033333,HONG KONG,HK,HKG
,,Wu Lei Kiu,22.433333,114.35,HONG KONG,HK,HKG
,,Ha Wo Hang,22.533333,114.2,HONG KONG,HK,HKG
,,Sai O,22.433333,114.25,HONG KONG,HK,HKG
,,Tai Hang,22.466667,114.15,HONG KONG,HK,HKG
,,A Kung Ngam,22.283333,114.233333,HONG KONG,HK,HKG
,,Quarry Bay,22.283333,114.216667,HONG KONG,HK,HKG
,,Tai Po Tsai,22.4,114.3,HONG KONG,HK,HKG
,,Tso Wo Hang,22.4,114.283333,HONG KONG,HK,HKG
,,Ping Long Wan,22.316667,114.283333,HONG KONG,HK,HKG
,,Pan Long Wan,22.316667,114.283333,HONG KONG,HK,HKG
,,Toh shek,22.383333,114.2,HONG KONG,HK,HKG
,,To Shek,22.383333,114.2,HONG KONG,HK,HKG
,,Fan Leng Pak Wai,22.5,114.133333,HONG KONG,HK,HKG
,,Shek Pan Tam,22.516667,114.216667,HONG KONG,HK,HKG
,,Sheung Yuen Leng,22.333333,114.2,HONG KONG,HK,HKG
,,Yin Kong,22.5,114.116667,HONG KONG,HK,HKG
,,Wong Chuk Tsuen,22.466667,114.233333,HONG KONG,HK,HKG
,,San Wai,22.5,114.15,HONG KONG,HK,HKG
,,Kau Lung Tong,22.333333,114.183333,HONG KONG,HK,HKG
,,Kowloon Tong,22.333333,114.183333,HONG KONG,HK,HKG
,,Kop Tong,22.516667,114.25,HONG KONG,HK,HKG
,,Kung Miu,22.366667,114.183333,HONG KONG,HK,HKG
,,Tsung Yuen Ha,22.55,114.15,HONG KONG,HK,HKG
,,Tso Tui Ha,22.366667,114.216667,HONG KONG,HK,HKG
,,Sheung Tsuen,22.433333,114.1,HONG KONG,HK,HKG
,,Sheung Shan Kai Wat,22.516667,114.15,HONG KONG,HK,HKG
,,Shan Kai Wat,22.516667,114.15,HONG KONG,HK,HKG
,,Lung Yeuk Tau,22.5,114.15,HONG KONG,HK,HKG
,,Wong Fung Tin,22.283333,113.983333,HONG KONG,HK,HKG
,,Fa Peng,22.2,114.033333,HONG KONG,HK,HKG
,,Cheung Lek,22.483333,114.1,HONG KONG,HK,HKG
,,Ha San Wai,22.466667,114.05,HONG KONG,HK,HKG
,,Tan Ka Wan,22.45,114.35,HONG KONG,HK,HKG
,,Tit Hang,22.516667,114.083333,HONG KONG,HK,HKG
,,Tin Liu,22.366667,114.233333,HONG KONG,HK,HKG
,,Kai Ham,22.366667,114.233333,HONG KONG,HK,HKG
,,Hung Shui,22.283333,114,HONG KONG,HK,HKG
,,Hong Lok Tsuen,22.466667,114.15,HONG KONG,HK,HKG
,,Shan Liu,22.166667,114.266667,HONG KONG,HK,HKG
,,Sham Chung,22.433333,114.033333,HONG KONG,HK,HKG
,,Tai Au Mun,22.3,114.283333,HONG KONG,HK,HKG
,,Sheung Chuk Yuen,22.483333,114.05,HONG KONG,HK,HKG
,,Shek Tong Tsui,22.283333,114.133333,HONG KONG,HK,HKG
,,Sheh Tong Tsui,22.283333,114.133333,HONG KONG,HK,HKG
,,Lung Tseng Tau,22.283333,113.933333,HONG KONG,HK,HKG
,,Lung Ching Tau,22.283333,113.933333,HONG KONG,HK,HKG
,,Lung Mei,22.233333,114,HONG KONG,HK,HKG
,,Luk Keng,22.333333,114.033333,HONG KONG,HK,HKG
,,Cheung Wo,22.5,114.3,HONG KONG,HK,HKG
,,Nam On Fong,22.283333,114.216667,HONG KONG,HK,HKG
,,Nam Chung Yeung Uk,22.516667,114.2,HONG KONG,HK,HKG
,,Nam A,22.4,114.266667,HONG KONG,HK,HKG
,,Sha Tau,22.416667,114.35,HONG KONG,HK,HKG
,,Ham Hang Mei,22.516667,114.216667,HONG KONG,HK,HKG
,,Ha Keng Hau,22.366667,114.166667,HONG KONG,HK,HKG
,,Keng Hau,22.366667,114.166667,HONG KONG,HK,HKG
,,Tsiu Hang Hau,22.366667,114.266667,HONG KONG,HK,HKG
,,To Tau,22.433333,114.233333,HONG KONG,HK,HKG
,,Ngong Shuen Au,22.333333,114.033333,HONG KONG,HK,HKG
,,Nga Yiu Tau,22.55,114.216667,HONG KONG,HK,HKG
,,Ngau Pui Wo,22.35,114.233333,HONG KONG,HK,HKG
,,Ng Uk Tsuen,22.516667,114.166667,HONG KONG,HK,HKG
,,Tai Po Kau Lo Wai,22.433333,114.183333,HONG KONG,HK,HKG
,,Soo Kun Poo,22.283333,114.183333,HONG KONG,HK,HKG
,,Sookung Poo,22.283333,114.183333,HONG KONG,HK,HKG
,,So Kon Po,22.283333,114.183333,HONG KONG,HK,HKG
,,Ma Kwu Lam,22.433333,114.266667,HONG KONG,HK,HKG
,,Wong Chuk Shan,22.383333,114.233333,HONG KONG,HK,HKG
,,Lan Nai Wan Tsau Uk,22.383333,114.333333,HONG KONG,HK,HKG
,,Lau Nai Wan,22.383333,114.333333,HONG KONG,HK,HKG
,,Lan-nai-wan,22.383333,114.333333,HONG KONG,HK,HKG
,,Lam Che,22.266667,113.916667,HONG KONG,HK,HKG
,,Sai Chuk Tsuen,22.5,114.15,HONG KONG,HK,HKG
,,San Uk Tsuen,22.5,114.15,HONG KONG,HK,HKG
,,San Tsuen,22.45,114,HONG KONG,HK,HKG
,,Fong Yuen,22.266667,113.933333,HONG KONG,HK,HKG
,,Tung Shing Lei,22.45,114.05,HONG KONG,HK,HKG
,,Tung Sam Kei,22.433333,114.35,HONG KONG,HK,HKG
,,Chau Tau,22.516667,114.083333,HONG KONG,HK,HKG
,,Tuen Mun Kau Hui,22.383333,113.966667,HONG KONG,HK,HKG
,,Yam O,22.333333,114.016667,HONG KONG,HK,HKG
,,Wu Chau Tong,22.5,114.3,HONG KONG,HK,HKG
,,Cheung Sha Lan,22.3,114.016667,HONG KONG,HK,HKG
,,Pak Kok,22.383333,113.95,HONG KONG,HK,HKG
,,To Kwa Wan,22.316667,114.183333,HONG KONG,HK,HKG
,,Tok Wah Wan,22.316667,114.183333,HONG KONG,HK,HKG
,,A Kung Wan,22.333333,114.266667,HONG KONG,HK,HKG
,,Chung Mei Kok Sheung Wai,22.466667,114.366667,HONG KONG,HK,HKG
,,Chung Mei Kok,22.466667,114.366667,HONG KONG,HK,HKG
,,Tai Tsing Chau,22.333333,114.033333,HONG KONG,HK,HKG
,,Tai Shui Hang,22.4,114.216667,HONG KONG,HK,HKG
,,Mau Ping Lo Uk,22.383333,114.233333,HONG KONG,HK,HKG
,,Yim Tin,22.25,113.866667,HONG KONG,HK,HKG
,,Yeung Uk Tsuen,22.45,114.016667,HONG KONG,HK,HKG
,,Yau Ma Hom,22.366667,114.133333,HONG KONG,HK,HKG
,,Mok Ka,22.266667,113.933333,HONG KONG,HK,HKG
,,Leighton Hill,22.283333,114.183333,HONG KONG,HK,HKG
,,San Wai Tsai,22.45,114.166667,HONG KONG,HK,HKG
,,Kak Hang Tun,22.4,114.266667,HONG KONG,HK,HKG
,,Lai Pek Shan,22.483333,114.216667,HONG KONG,HK,HKG
,,Kwu Tung,22.5,114.1,HONG KONG,HK,HKG
,,Chai Kek,22.45,114.116667,HONG KONG,HK,HKG
,,Chai Kek Wai,22.45,114.116667,HONG KONG,HK,HKG
,,Lo Uk,22.35,114.1,HONG KONG,HK,HKG
,,Tai Mong Che,22.45,114.133333,HONG KONG,HK,HKG
,,Tai Mong Tsai,22.45,114.133333,HONG KONG,HK,HKG
,,Shui Tsiu San Tsuen,22.433333,114.033333,HONG KONG,HK,HKG
,,Shui Lau Tin,22.433333,114.083333,HONG KONG,HK,HKG
,,Kiu Tau,22.483333,114.15,HONG KONG,HK,HKG
,,Pak Tin Pa San Tsuen,22.383333,114.116667,HONG KONG,HK,HKG
,,Chuk Yuen,22.55,114.15,HONG KONG,HK,HKG
,,Yung Shu Wan,22.233333,114.116667,HONG KONG,HK,HKG
,,Yung Shue Wan,22.233333,114.116667,HONG KONG,HK,HKG
,,Po Min,22.416667,114.2,HONG KONG,HK,HKG
,,Sei Ying Poon,22.283333,114.133333,HONG KONG,HK,HKG
,,Sai Ying Pun,22.283333,114.133333,HONG KONG,HK,HKG
,,Sai Ying Poon,22.283333,114.133333,HONG KONG,HK,HKG
,,Fung Shue Wo,22.35,114.1,HONG KONG,HK,HKG
,,Fui Yiu Ha,22.283333,113.933333,HONG KONG,HK,HKG
,,Ha Tsuen,22.166667,113.916667,HONG KONG,HK,HKG
,,Wang Shan Keuk,22.5,114.216667,HONG KONG,HK,HKG
,,Wa Shan Keuk,22.5,114.216667,HONG KONG,HK,HKG
,,Sai O,22.55,114.283333,HONG KONG,HK,HKG
,,Ki Ling Ha,22.416667,114.266667,HONG KONG,HK,HKG
,,Kei Ling Ha,22.416667,114.266667,HONG KONG,HK,HKG
,,Sai King,22.416667,114.266667,HONG KONG,HK,HKG
,,Sai Kang,22.416667,114.266667,HONG KONG,HK,HKG
,,Sai Keng,22.416667,114.266667,HONG KONG,HK,HKG
,,Leung Tin Tsuen,22.416667,113.966667,HONG KONG,HK,HKG
,,Tai Kei Leng,22.433333,114.033333,HONG KONG,HK,HKG
,,Kiu Sai,22.433333,114,HONG KONG,HK,HKG
,,Tsing Yi Town,22.35,114.1,HONG KONG,HK,HKG
,,Tseung Kong Wai,22.45,113.983333,HONG KONG,HK,HKG
,,Tam Kon Chau,22.5,114.05,HONG KONG,HK,HKG
,,Muk Kiu Tau,22.433333,114.016667,HONG KONG,HK,HKG
,,Mau Tat,22.2,114.15,HONG KONG,HK,HKG
,,Mo Tat,22.2,114.15,HONG KONG,HK,HKG
,,Mok Tse Che,22.35,114.25,HONG KONG,HK,HKG
,,Hoi Pui Leng,22.533333,114.2,HONG KONG,HK,HKG
,,Ngan Hang,22.233333,114.233333,HONG KONG,HK,HKG
,,Lok Lo Ha,22.4,114.2,HONG KONG,HK,HKG
,,Tsang Tai Uk,22.383333,114.183333,HONG KONG,HK,HKG
,,Tai Uk,22.383333,114.183333,HONG KONG,HK,HKG
,,Shan Ha Wai,22.383333,114.183333,HONG KONG,HK,HKG
,,Sha Pa,22.45,114.133333,HONG KONG,HK,HKG
,,Tai Wan To,22.216667,114.116667,HONG KONG,HK,HKG
,,Wing Lung Wai,22.433333,114.066667,HONG KONG,HK,HKG
,,Ping Yeung,22.533333,114.166667,HONG KONG,HK,HKG
,,San Tin San Wai,22.466667,114.05,HONG KONG,HK,HKG
,,San Lung Tsuen,22.5,114.066667,HONG KONG,HK,HKG
,,Sui Lam,22.370105,114.011667,HONG KONG,HK,HKG
,,小欖,22.370105,114.011667,HONG KONG,HK,HKG
,,Tong Fuk,22.227395,113.926875,HONG KONG,HK,HKG
,,塘福,22.227395,113.926875,HONG KONG,HK,HKG
,,Cheung Sha,22.235625,113.959271,HONG KONG,HK,HKG
,,Ch’ang-sha,22.235625,113.959271,HONG KONG,HK,HKG
,,長沙,22.235625,113.959271,HONG KONG,HK,HKG
,,Tai Long Wan,22.221094,113.880573,HONG KONG,HK,HKG
,,大浪灣村,22.221094,113.880573,HONG KONG,HK,HKG
,,Tai Long Wan Cun,22.221094,113.880573,HONG KONG,HK,HKG
,,Sham Wat,22.269584,113.882552,HONG KONG,HK,HKG
,,Sai Tso Wan,22.271302,113.883073,HONG KONG,HK,HKG
,,茜草灣,22.271302,113.883073,HONG KONG,HK,HKG
,,狗伸地,22.259948,113.860417,HONG KONG,HK,HKG
,,Kau San Tei,22.259948,113.860417,HONG KONG,HK,HKG
,,Po Chue Tam,22.258334,113.86073,HONG KONG,HK,HKG
,,寳珠潭,22.258334,113.86073,HONG KONG,HK,HKG
,,Tai O Town,22.253021,113.863282,HONG KONG,HK,HKG
,,大澳,22.253021,113.863282,HONG KONG,HK,HKG
,,Tai ho,22.253021,113.863282,HONG KONG,HK,HKG
,,Tai O,22.253021,113.863282,HONG KONG,HK,HKG
,,Ngong Ping,22.255885,113.907656,HONG KONG,HK,HKG
,,昂坪,22.255885,113.907656,HONG KONG,HK,HKG
,,Tai Po,22.290052,113.921927,HONG KONG,HK,HKG
,,Ma Wan Chung,22.286302,113.936718,HONG KONG,HK,HKG
,,馬灣涌,22.286302,113.936718,HONG KONG,HK,HKG
,,San Tung Chung Hang,22.27875,113.943073,HONG KONG,HK,HKG
,,Tung Chung,22.27875,113.943073,HONG KONG,HK,HKG
,,Old Tung Chung Hang,22.27875,113.943073,HONG KONG,HK,HKG
,,Tung Chung Hang,22.27875,113.943073,HONG KONG,HK,HKG
,,新東涌坑,22.27875,113.943073,HONG KONG,HK,HKG
,,New Tung Chung Hang,22.27875,113.943073,HONG KONG,HK,HKG
,,San Tau,22.28776,113.922188,HONG KONG,HK,HKG
,,Sha Lo Wan,22.285416,113.901667,HONG KONG,HK,HKG
,,Pa-lo-wang,22.285416,113.901667,HONG KONG,HK,HKG
,,沙螺湾,22.285416,113.901667,HONG KONG,HK,HKG
,,San Shek Wan,22.281823,113.896563,HONG KONG,HK,HKG
,,Sham Sek Tsuen,22.276823,113.891146,HONG KONG,HK,HKG
,,深石村,22.276823,113.891146,HONG KONG,HK,HKG
,,Castle Peak Hotel,22.365348,113.99806,HONG KONG,HK,HKG
,,小欖新村,22.365348,113.99806,HONG KONG,HK,HKG
,,Siu Lam San Tsuen,22.365348,113.99806,HONG KONG,HK,HKG
,,Tai Lam Camp,22.370989,113.997187,HONG KONG,HK,HKG
,,掃管灘,22.370989,113.997187,HONG KONG,HK,HKG
,,So Kwun Tan,22.370989,113.997187,HONG KONG,HK,HKG
,,Ta-shui-k’eng,22.421643,113.929601,HONG KONG,HK,HKG
,,Dashuikeng,22.421643,113.929601,HONG KONG,HK,HKG
,,大水坑,22.421643,113.929601,HONG KONG,HK,HKG
,,Tai Shui Hang,22.421643,113.929601,HONG KONG,HK,HKG
,,Xiabaini,22.426952,113.939723,HONG KONG,HK,HKG
,,Ha Pak Nai,22.426952,113.939723,HONG KONG,HK,HKG
,,下白泥,22.426952,113.939723,HONG KONG,HK,HKG
,,Pak Nai,22.447865,113.95627,HONG KONG,HK,HKG
,,Shangbaini,22.447865,113.95627,HONG KONG,HK,HKG
,,上白泥,22.447865,113.95627,HONG KONG,HK,HKG
,,Sheung Pak Nai,22.447865,113.95627,HONG KONG,HK,HKG
,,石仔埗,22.253698,113.853646,HONG KONG,HK,HKG
,,Shek Tsai Po,22.253698,113.853646,HONG KONG,HK,HKG
,,水口,22.222761,113.912917,HONG KONG,HK,HKG
,,Shui Hau,22.222761,113.912917,HONG KONG,HK,HKG
,,鹹田,22.240833,113.9825,HONG KONG,HK,HKG
,,Ham Tin,22.240833,113.9825,HONG KONG,HK,HKG
,,Shap Long Kau Tsuen,22.241718,113.98875,HONG KONG,HK,HKG
,,十塱舊村,22.241718,113.98875,HONG KONG,HK,HKG
,,二澳口,22.232968,113.847813,HONG KONG,HK,HKG
,,Yi O Hau,22.232968,113.847813,HONG KONG,HK,HKG
,,Tsin Yue Wan,22.213542,113.844687,HONG KONG,HK,HKG
,,煎鱼湾,22.213542,113.844687,HONG KONG,HK,HKG
,,Yi O San Tsuen,22.229479,113.850365,HONG KONG,HK,HKG
,,I O Tsuen,22.229479,113.850365,HONG KONG,HK,HKG
,,二澳新村,22.229479,113.850365,HONG KONG,HK,HKG
,,Yi O Kau Tsuen,22.22677,113.848958,HONG KONG,HK,HKG
,,二澳舊村,22.22677,113.848958,HONG KONG,HK,HKG
,,Landi,22.418802,113.985833,HONG KONG,HK,HKG
,,蓝地,22.418802,113.985833,HONG KONG,HK,HKG
,,Lam Tei,22.418802,113.985833,HONG KONG,HK,HKG
,,Tuen Mun,22.405156,113.993021,HONG KONG,HK,HKG
,,屯门,22.405156,113.993021,HONG KONG,HK,HKG
,,Fu Tei,22.408282,113.980468,HONG KONG,HK,HKG
,,虎地新村,22.408282,113.980468,HONG KONG,HK,HKG
,,Fu Tei San Tsuen,22.408282,113.980468,HONG KONG,HK,HKG
,,Aokanshi,22.454792,113.97375,HONG KONG,HK,HKG
,,鳌磡石,22.454792,113.97375,HONG KONG,HK,HKG
,,Ngau Hom Shek,22.454792,113.97375,HONG KONG,HK,HKG
,,Ha Tsuen,22.451875,113.990364,HONG KONG,HK,HKG
,,Xiacunshi,22.451875,113.990364,HONG KONG,HK,HKG
,,厦村市,22.451875,113.990364,HONG KONG,HK,HKG
,,Ha Tsuen Shi,22.451875,113.990364,HONG KONG,HK,HKG
,,坑口村,22.465834,113.984635,HONG KONG,HK,HKG
,,Hang Hau Tsuen,22.465834,113.984635,HONG KONG,HK,HKG
,,Sha Kong Tsuen,22.463229,113.986458,HONG KONG,HK,HKG
,,沙江村,22.463229,113.986458,HONG KONG,HK,HKG
,,鳳降村,22.461146,113.988593,HONG KONG,HK,HKG
,,Fung Kong Tsuen,22.461146,113.988593,HONG KONG,HK,HKG
,,Sha Kong Wai,22.466459,113.993958,HONG KONG,HK,HKG
,,沙江围,22.466459,113.993958,HONG KONG,HK,HKG
,,Tin Shui Wai,22.465104,113.999271,HONG KONG,HK,HKG
,,天水围,22.465104,113.999271,HONG KONG,HK,HKG
,,Aokansha,22.451927,113.967657,HONG KONG,HK,HKG
,,鳌磡沙,22.451927,113.967657,HONG KONG,HK,HKG
,,Ngau Hom Sha,22.451927,113.967657,HONG KONG,HK,HKG
,,Sun Fung Wai,22.289861,113.921153,HONG KONG,HK,HKG
,,San Lei Uk Tsuen,22.127546,113.860587,HONG KONG,HK,HKG
,,Tsing Chuen Wai,22.289861,113.921153,HONG KONG,HK,HKG
,,Chung Uk Tsuen,22.289861,113.921153,HONG KONG,HK,HKG
,,Tin Sam,22.289861,113.921153,HONG KONG,HK,HKG
,,田心,22.289861,113.921153,HONG KONG,HK,HKG
,,Siu Lang Shui,22.37198,113.933073,HONG KONG,HK,HKG
,,Xiaolengshui,22.37198,113.933073,HONG KONG,HK,HKG
,,小冷水,22.37198,113.933073,HONG KONG,HK,HKG
,,Nam Long,22.393073,113.921302,HONG KONG,HK,HKG
,,南朗,22.393073,113.921302,HONG KONG,HK,HKG
,,Nanlang,22.393073,113.921302,HONG KONG,HK,HKG
,,Long Kau Tang,22.393073,113.921302,HONG KONG,HK,HKG
,,Sha Po Kong,22.389427,113.921042,HONG KONG,HK,HKG
,,Shapugang,22.389427,113.921042,HONG KONG,HK,HKG
,,沙埔岗,22.389427,113.921042,HONG KONG,HK,HKG
,,Lung Tsai,22.38625,113.921823,HONG KONG,HK,HKG
,,龙仔,22.38625,113.921823,HONG KONG,HK,HKG
,,Longzai,22.38625,113.921823,HONG KONG,HK,HKG
,,Lung Kwu Sheung Tan,22.406146,113.921146,HONG KONG,HK,HKG
,,Yung Long,22.406146,113.921146,HONG KONG,HK,HKG
,,Longgushangtan,22.406146,113.921146,HONG KONG,HK,HKG
,,龙鼓上滩,22.406146,113.921146,HONG KONG,HK,HKG
,,Beilang,22.394635,113.918125,HONG KONG,HK,HKG
,,北朗,22.394635,113.918125,HONG KONG,HK,HKG
,,Pei-lang,22.394635,113.918125,HONG KONG,HK,HKG
,,Pak Long,22.394635,113.918125,HONG KONG,HK,HKG
,,大冷水,22.399271,113.934635,HONG KONG,HK,HKG
,,Tai Lang Shui,22.399271,113.934635,HONG KONG,HK,HKG
,,Renwan,22.416667,113.932492,HONG KONG,HK,HKG
,,稔湾,22.416667,113.932492,HONG KONG,HK,HKG
,,Nim Wan,22.416667,113.932492,HONG KONG,HK,HKG
,,Tsang Tsui,22.416719,113.91974,HONG KONG,HK,HKG
,,Tsang Kok,22.416719,113.91974,HONG KONG,HK,HKG
,,Cengzui,22.416719,113.91974,HONG KONG,HK,HKG
,,曾咀,22.416719,113.91974,HONG KONG,HK,HKG
,,稔園,22.270518,113.926811,HONG KONG,HK,HKG
,,Nim Yuen,22.270518,113.926811,HONG KONG,HK,HKG
,,牛凹,22.276128,113.925507,HONG KONG,HK,HKG
,,Ngau Au,22.276128,113.925507,HONG KONG,HK,HKG
,,Shek Lau Po,22.271408,113.932339,HONG KONG,HK,HKG
,,石榴埔,22.271408,113.932339,HONG KONG,HK,HKG
,,Tei Tong Tsai,22.260083,113.926108,HONG KONG,HK,HKG
,,地塘仔,22.260083,113.926108,HONG KONG,HK,HKG
,,牛過田,22.238651,113.876135,HONG KONG,HK,HKG
,,Ngau Kwo Tin,22.238651,113.876135,HONG KONG,HK,HKG
,,Shan Ha,22.272588,113.940786,HONG KONG,HK,HKG
,,山下,22.272588,113.940786,HONG KONG,HK,HKG
,,Pa Mei San Tsuen,22.272588,113.940786,HONG KONG,HK,HKG
,,Shek Mun Kap,22.266729,113.931159,HONG KONG,HK,HKG
,,石門甲,22.266729,113.931159,HONG KONG,HK,HKG
,,黃龍坑,22.264804,113.94559,HONG KONG,HK,HKG
,,Wong Lung Hang,22.264804,113.94559,HONG KONG,HK,HKG
,,Ngau Kwu Long,22.293292,113.972754,HONG KONG,HK,HKG
,,Ngo Ki,22.293292,113.972754,HONG KONG,HK,HKG
,,牛牯塱,22.293292,113.972754,HONG KONG,HK,HKG
,,大蠔,22.295155,113.978158,HONG KONG,HK,HKG
,,Tai Ho,22.295155,113.978158,HONG KONG,HK,HKG
,,Ta-hao,22.295155,113.978158,HONG KONG,HK,HKG
,,Tin Liu,22.293168,113.9806,HONG KONG,HK,HKG
,,田寮,22.293168,113.9806,HONG KONG,HK,HKG
,,白芒,22.296025,113.968841,HONG KONG,HK,HKG
,,Pak Mong,22.296025,113.968841,HONG KONG,HK,HKG
,,窩田,22.280414,113.982215,HONG KONG,HK,HKG
,,Wo Tin,22.280414,113.982215,HONG KONG,HK,HKG
,,Hung Fa Ngan,22.287184,113.977743,HONG KONG,HK,HKG
,,紅花顏,22.287184,113.977743,HONG KONG,HK,HKG
,,Tai Ti Tong,22.267474,113.982463,HONG KONG,HK,HKG
,,大地塘,22.267474,113.982463,HONG KONG,HK,HKG
,,Tai Tei Tong,22.267474,113.982463,HONG KONG,HK,HKG
,,Lung Ti Tong,22.261077,113.984886,HONG KONG,HK,HKG
,,鹿地塘,22.261077,113.984886,HONG KONG,HK,HKG
,,Luk Tei Tong,22.261077,113.984886,HONG KONG,HK,HKG
,,橫塘,22.246832,113.998385,HONG KONG,HK,HKG
,,Wang Tong,22.246832,113.998385,HONG KONG,HK,HKG
,,Ngau Kwu Wan,22.250683,113.999379,HONG KONG,HK,HKG
,,牛牯灣,22.250683,113.999379,HONG KONG,HK,HKG
,,羅屋村,22.251056,113.965673,HONG KONG,HK,HKG
,,Lo Uk Tsuen,22.251056,113.965673,HONG KONG,HK,HKG
,,Shap Long San Tsuen,22.25,113.983333,HONG KONG,HK,HKG
,,Pui O San Tsuen,22.247031,113.976875,HONG KONG,HK,HKG
,,San Tsun,22.247031,113.976875,HONG KONG,HK,HKG
,,Pui O Kau Tsuen,22.247031,113.976875,HONG KONG,HK,HKG
,,貝澳,22.247031,113.976875,HONG KONG,HK,HKG
,,Pui O,22.247031,113.976875,HONG KONG,HK,HKG
,,上村,22.16224,113.912813,HONG KONG,HK,HKG
,,Sheung Tsuen,22.16224,113.912813,HONG KONG,HK,HKG
,,新庆村,22.467845,113.989158,HONG KONG,HK,HKG
,,San Hing Tsuen,22.467845,113.989158,HONG KONG,HK,HKG
,,Mong Tseng Wai,22.480257,113.997971,HONG KONG,HK,HKG
,,輞井圍,22.480257,113.997971,HONG KONG,HK,HKG
,,南沙莆,22.488073,114.003594,HONG KONG,HK,HKG
,,Nam Sha Po,22.488073,114.003594,HONG KONG,HK,HKG
,,Sha Kiu Tsuen,22.48776,113.99875,HONG KONG,HK,HKG
,,沙橋村,22.48776,113.99875,HONG KONG,HK,HKG
,,Mong Tseng Tsuen,22.48776,113.99875,HONG KONG,HK,HKG
,,So Kwun Wat,22.375937,114.006823,HONG KONG,HK,HKG
,,So Kun Wat,22.375937,114.006823,HONG KONG,HK,HKG
,,掃管笏,22.375937,114.006823,HONG KONG,HK,HKG
,,掃管笏村,22.384896,114.004479,HONG KONG,HK,HKG
,,So Kwun Wat San Tsuen,22.384896,114.004479,HONG KONG,HK,HKG
,,So Kwun Wat Tsuen,22.384896,114.004479,HONG KONG,HK,HKG
,,Tan Chuk Hang Lo Wai,22.516667,114.166667,HONG KONG,HK,HKG
,,Tam Wat,22.4,114.3,HONG KONG,HK,HKG
,,Tam Kon Shan,22.366667,114.1,HONG KONG,HK,HKG
,,Tong To,22.55,114.216667,HONG KONG,HK,HKG
,,Tong Tau Po,22.433333,114.033333,HONG KONG,HK,HKG
,,Tong Min Tsuen,22.45,114.133333,HONG KONG,HK,HKG
,,Tong Kung Leng,22.483333,114.1,HONG KONG,HK,HKG
,,Tong Kai Tseng,22.45,114.216667,HONG KONG,HK,HKG
,,Tong Hang,22.483333,114.15,HONG KONG,HK,HKG
,,Ting Kok,22.466667,114.216667,HONG KONG,HK,HKG
,,Ting Kau,22.366667,114.083333,HONG KONG,HK,HKG
,,Tingkao,22.366667,114.083333,HONG KONG,HK,HKG
,,Ting Kaw,22.366667,114.083333,HONG KONG,HK,HKG
,,Tai Wo Ping,22.35,114.166667,HONG KONG,HK,HKG
,,Tai Wong Sheung,22.35,114.1,HONG KONG,HK,HKG
,,Tai Wong Ha,22.35,114.1,HONG KONG,HK,HKG
,,Tai Wong,22.35,114.1,HONG KONG,HK,HKG
,,Tai Wo,22.5,114.166667,HONG KONG,HK,HKG
,,Tai Wo,22.416667,114.066667,HONG KONG,HK,HKG
,,Tai Wan Kau Tsuen,22.216667,114.116667,HONG KONG,HK,HKG
,,Tai Wan,22.4,114.283333,HONG KONG,HK,HKG
,,Tai Wan,22.166667,114.25,HONG KONG,HK,HKG
,,Shek Pai Tau,22.4,113.966667,HONG KONG,HK,HKG
,,Shek O Village,22.233333,114.25,HONG KONG,HK,HKG
,,Shek Lung Tsai,22.4,114.233333,HONG KONG,HK,HKG
,,Shek Lei,22.366667,114.133333,HONG KONG,HK,HKG
,,Shek Lau Tung,22.416667,114.166667,HONG KONG,HK,HKG
,,Un long hui,22.45,114.033333,HONG KONG,HK,HKG
,,Un Long,22.45,114.033333,HONG KONG,HK,HKG
,,Yuen Long,22.45,114.033333,HONG KONG,HK,HKG
,,Yuen Long,22.45,114.033333,HONG KONG,HK,HKG
,,Yuan-lang-hsü,22.45,114.033333,HONG KONG,HK,HKG
,,Yuen Long Old Town,22.45,114.033333,HONG KONG,HK,HKG
,,Yuen long kou hui,22.45,114.033333,HONG KONG,HK,HKG
,,Yuen Kong San Tsuen,22.416667,114.083333,HONG KONG,HK,HKG
,,Yuen Kong,22.433333,114.066667,HONG KONG,HK,HKG
,,Yuen Chau Kok,22.383333,114.2,HONG KONG,HK,HKG
,,Yue Kwong Chuen,22.25,114.15,HONG KONG,HK,HKG
,,Yiu Tsz Kin,22.433333,114.166667,HONG KONG,HK,HKG
,,Yi Pei Chun,22.383333,114.116667,HONG KONG,HK,HKG
,,I Pak,22.3,114.016667,HONG KONG,HK,HKG
,,Yi Pak,22.3,114.016667,HONG KONG,HK,HKG
,,Yin Ngam,22.433333,114.133333,HONG KONG,HK,HKG
,,Ying Pun Ha,22.466667,114.15,HONG KONG,HK,HKG
,,Ying Pun,22.466667,114.116667,HONG KONG,HK,HKG
,,Uk Tau,22.433333,114.333333,HONG KONG,HK,HKG
,,Uk Cheung,22.383333,114.25,HONG KONG,HK,HKG
,,Tung Wan Tau,22.266667,114,HONG KONG,HK,HKG
,,Tung Wan,22.516667,114.316667,HONG KONG,HK,HKG
,,Wong Chuk Yeung,22.4,114.266667,HONG KONG,HK,HKG
,,Wong Chuk Wan,22.4,114.283333,HONG KONG,HK,HKG
,,Wong Chuk Long,22.433333,114.316667,HONG KONG,HK,HKG
,,Wong Chuk Hang San Wai,22.25,114.166667,HONG KONG,HK,HKG
,,Wong Chuk Hang Kau Wai,22.25,114.183333,HONG KONG,HK,HKG
,,Wong Chuk Hang,22.383333,114.35,HONG KONG,HK,HKG
,,Wo Mei,22.35,114.25,HONG KONG,HK,HKG
,,Wo Liu,22.25,113.983333,HONG KONG,HK,HKG
,,Wo Keng Shan,22.533333,114.166667,HONG KONG,HK,HKG
,,Wo Hop Shek,22.483333,114.15,HONG KONG,HK,HKG
,,Wo Che,22.383333,114.183333,HONG KONG,HK,HKG
,,Ha Wo Che,22.383333,114.183333,HONG KONG,HK,HKG
,,Tung Tsz,22.466667,114.2,HONG KONG,HK,HKG
,,Tung Tsai,22.466667,114.2,HONG KONG,HK,HKG
,,Tung Tau Tsuen,22.45,114.016667,HONG KONG,HK,HKG
,,Tung Shan Ha,22.5,114.183333,HONG KONG,HK,HKG
,,Tung O,22.55,114.283333,HONG KONG,HK,HKG
,,Tung Lo Wan,22.383333,114.183333,HONG KONG,HK,HKG
,,Tung Kok Wai,22.5,114.15,HONG KONG,HK,HKG
,,Tung Hing,22.283333,113.933333,HONG KONG,HK,HKG
,,Tuk Mei Chung,22.383333,113.916667,HONG KONG,HK,HKG
,,Tuen Tsz Wai,22.416667,113.983333,HONG KONG,HK,HKG
,,Tuen Mun San Hui,22.4,113.966667,HONG KONG,HK,HKG
,,Han Hui,22.4,113.966667,HONG KONG,HK,HKG
,,San Hui,22.4,113.966667,HONG KONG,HK,HKG
,,Tsiu Hang,22.433333,114.2,HONG KONG,HK,HKG
,,Tsiu Hang,22.366667,114.266667,HONG KONG,HK,HKG
,,Tseng Tau,22.433333,114.266667,HONG KONG,HK,HKG
,,Tsing Tau,22.433333,114.266667,HONG KONG,HK,HKG
,,Chin Lan Chun,22.333333,114.233333,HONG KONG,HK,HKG
,,Tseng Lan Shue,22.333333,114.233333,HONG KONG,HK,HKG
,,Tseng Lan Shu,22.333333,114.233333,HONG KONG,HK,HKG
,,Tsam Chuk Wan,22.4,114.3,HONG KONG,HK,HKG
,,Tsak Yue Wu,22.4,114.316667,HONG KONG,HK,HKG
,,To Yuen Wai,22.416667,113.983333,HONG KONG,HK,HKG
,,To Tei Wan,22.233333,114.233333,HONG KONG,HK,HKG
,,Tsz Wan Shan,22.35,114.2,HONG KONG,HK,HKG
,,Shek Kwu Lung,22.45,114.15,HONG KONG,HK,HKG
,,Shek Ko Lung,22.45,114.15,HONG KONG,HK,HKG
,,Shek Kwu Lung,22.383333,114.216667,HONG KONG,HK,HKG
,,Shek Kok Tsui,22.383333,113.95,HONG KONG,HK,HKG
,,Fat Tong Mun,22.266667,114.283333,HONG KONG,HK,HKG
,,Tei Tong Tsui,22.266667,114.283333,HONG KONG,HK,HKG
,,Tong Fong Tsuen,22.45,114,HONG KONG,HK,HKG
,,Tong Fong,22.533333,114.15,HONG KONG,HK,HKG
,,To Kwa Peng,22.433333,114.333333,HONG KONG,HK,HKG
,,Tao Feng Shan,22.383333,114.183333,HONG KONG,HK,HKG
,,To Fung Shan,22.383333,114.183333,HONG KONG,HK,HKG
,,Tiu Keng Wan,22.3,114.25,HONG KONG,HK,HKG
,,Rennie’s Mill Village,22.3,114.25,HONG KONG,HK,HKG
,,Rennie’s Mill Camp,22.3,114.25,HONG KONG,HK,HKG
,,Rennie’s Mill,22.3,114.25,HONG KONG,HK,HKG
,,Tiu Keng Leng,22.3,114.25,HONG KONG,HK,HKG
,,Tin Wan,22.25,114.15,HONG KONG,HK,HKG
,,Tin Wan Resettlement Estate,22.25,114.15,HONG KONG,HK,HKG
,,Tin Sam,22.466667,114.183333,HONG KONG,HK,HKG
,,Tin Liu Tsuen,22.433333,114.016667,HONG KONG,HK,HKG
,,Tin Liu Ha,22.45,114.133333,HONG KONG,HK,HKG
,,Tin Liu,22.35,114.05,HONG KONG,HK,HKG
,,Tin Ha,22.283333,114.283333,HONG KONG,HK,HKG
,,Tin Ha Wan,22.283333,114.283333,HONG KONG,HK,HKG
,,Tin Hau Miu,22.216667,114.016667,HONG KONG,HK,HKG
,,Shek Kiu Tau,22.533333,114.2,HONG KONG,HK,HKG
,,Shep Kip Mei,22.333333,114.166667,HONG KONG,HK,HKG
,,Shek Kip Mi Village,22.333333,114.166667,HONG KONG,HK,HKG
,,Shek Kip Mei,22.333333,114.166667,HONG KONG,HK,HKG
,,Shek Kip Mi Resettlement Area,22.333333,114.166667,HONG KONG,HK,HKG
,,Sau Ki Wan,22.283333,114.216667,HONG KONG,HK,HKG
,,Shau Kei Wan,22.283333,114.216667,HONG KONG,HK,HKG
,,Shau Ki Wan,22.283333,114.216667,HONG KONG,HK,HKG
,,Saiki,22.283333,114.216667,HONG KONG,HK,HKG
,,Sai,22.283333,114.216667,HONG KONG,HK,HKG
,,Sau Ke Wan,22.283333,114.216667,HONG KONG,HK,HKG
,,Sha Tin Wai,22.383333,114.2,HONG KONG,HK,HKG
,,Sha Tin,22.383333,114.2,HONG KONG,HK,HKG
,,Sha Tin Tau,22.383333,114.183333,HONG KONG,HK,HKG
,,Sha Tin New Town,22.383333,114.183333,HONG KONG,HK,HKG
,,Sha Tin,22.383333,114.183333,HONG KONG,HK,HKG
,,Sha Tau Kok Tan Ka,22.55,114.216667,HONG KONG,HK,HKG
,,Ta Tit Yan,22.416667,114.166667,HONG KONG,HK,HKG
,,Ta Shek Wu,22.466667,114.1,HONG KONG,HK,HKG
,,Tap Mun Shi,22.466667,114.35,HONG KONG,HK,HKG
,,Hoi Pong Kai,22.466667,114.35,HONG KONG,HK,HKG
,,Tap Mun,22.466667,114.35,HONG KONG,HK,HKG
,,Tanner Hill Estate,22.283333,114.2,HONG KONG,HK,HKG
,,Yim Liu Ha,22.55,114.216667,HONG KONG,HK,HKG
,,Yeung Uk Tsuen,22.45,114.033333,HONG KONG,HK,HKG
,,Yeung Siu Hang,22.4,113.966667,HONG KONG,HK,HKG
,,Yau Uk Tsuen,22.433333,114.083333,HONG KONG,HK,HKG
,,Yau Tong,22.3,114.233333,HONG KONG,HK,HKG
,,Yau Ma Po,22.383333,114.266667,HONG KONG,HK,HKG
,,Yau Kom Tau,22.366667,114.083333,HONG KONG,HK,HKG
,,Yan Shau Wai,22.5,114.066667,HONG KONG,HK,HKG
,,Wing Ping Tsuen,22.5,114.066667,HONG KONG,HK,HKG
,,Wing Ning,22.5,114.15,HONG KONG,HK,HKG
,,Wing Ning Wai,22.5,114.15,HONG KONG,HK,HKG
,,Wing Ning Lei,22.45,114.1,HONG KONG,HK,HKG
,,Wing Ling Tsuen,22.5,114.15,HONG KONG,HK,HKG
,,Wan Tau Tong,22.45,114.166667,HONG KONG,HK,HKG
,,Wang Shan Keuk San Tsuen,22.533333,114.166667,HONG KONG,HK,HKG
,,Wang Shan Keuk,22.533333,114.166667,HONG KONG,HK,HKG
,,Wang Long,22.216667,114.116667,HONG KONG,HK,HKG
,,Wang Hang,22.283333,114.216667,HONG KONG,HK,HKG
,,Wan Chai,22.283333,114.166667,HONG KONG,HK,HKG
,,Wa Mei Shan,22.483333,114.133333,HONG KONG,HK,HKG
,,Wah Fu,22.25,114.133333,HONG KONG,HK,HKG
,,Wah Fu Estate,22.25,114.133333,HONG KONG,HK,HKG
,,Tsz Tin Tsuen,22.416667,113.966667,HONG KONG,HK,HKG
,,Tsung Tsai Yuen,22.433333,114.183333,HONG KONG,HK,HKG
,,Tsung Tau Ha,22.4,114.2,HONG KONG,HK,HKG
,,Tso Wan,22.316667,114.05,HONG KONG,HK,HKG
,,Tso Kung Tam,22.383333,114.1,HONG KONG,HK,HKG
,,Tsok Pok Hang,22.383333,114.2,HONG KONG,HK,HKG
,,Tsoi Yuen Kok,22.55,114.216667,HONG KONG,HK,HKG
,,Tsiu Lung,22.383333,114.266667,HONG KONG,HK,HKG
,,A Shan Tsiu Lam,22.466667,114.2,HONG KONG,HK,HKG
,,A Shan Shan Tsiu Lam,22.466667,114.2,HONG KONG,HK,HKG
,,Tsiu Lam,22.466667,114.2,HONG KONG,HK,HKG
,,Tsui King Lo Wai,22.483333,114.1,HONG KONG,HK,HKG
,,Tsiu Keng Lo Wai,22.483333,114.1,HONG KONG,HK,HKG
,,Tsin Shui Wan,22.233333,114.2,HONG KONG,HK,HKG
,,Repulse Bay,22.233333,114.2,HONG KONG,HK,HKG
,,Tsing Shan Tsuen,22.4,113.966667,HONG KONG,HK,HKG
,,Tsing Leng Tsui,22.35,114.116667,HONG KONG,HK,HKG
,,Tsing Fai Tong,22.383333,114.066667,HONG KONG,HK,HKG
,,Tsing Chau Wan,22.333333,114.033333,HONG KONG,HK,HKG
,,Tsing Chau Tsai,22.333333,114.033333,HONG KONG,HK,HKG
,,Cheung Kwan O,22.333333,114.25,HONG KONG,HK,HKG
,,Cheung Kwan,22.333333,114.25,HONG KONG,HK,HKG
,,Chan ji,22.333333,114.25,HONG KONG,HK,HKG
,,Tseung Kwan O,22.333333,114.25,HONG KONG,HK,HKG
,,Tseng Tau Wai,22.4,113.983333,HONG KONG,HK,HKG
,,Tseng Tau San Tsuen,22.266667,113.983333,HONG KONG,HK,HKG
,,Fo Tan,22.4,114.2,HONG KONG,HK,HKG
,,Fong Pin Sho,22.2,114.033333,HONG KONG,HK,HKG
,,Tai Tsoi Yuen Kui,22.2,114.033333,HONG KONG,HK,HKG
,,Fong Ma Po,22.45,114.133333,HONG KONG,HK,HKG
,,Fa Yuen,22.283333,114.216667,HONG KONG,HK,HKG
,,Fa Peng,22.333333,114.05,HONG KONG,HK,HKG
,,Fan Tin Tsuen,22.5,114.066667,HONG KONG,HK,HKG
,,Fanling,22.5,114.133333,HONG KONG,HK,HKG
,,Fen-ling,22.5,114.133333,HONG KONG,HK,HKG
,,Fan Leng,22.5,114.133333,HONG KONG,HK,HKG
,,Long Mei,22.383333,114.266667,HONG KONG,HK,HKG
,,Long Ke,22.383333,114.366667,HONG KONG,HK,HKG
,,Lok Wo Sha,22.433333,114.233333,HONG KONG,HK,HKG
,,Wo Sha,22.433333,114.233333,HONG KONG,HK,HKG
,,Lok Kang Po,22.266667,114.25,HONG KONG,HK,HKG
,,Lo Fu Ngam,22.333333,114.183333,HONG KONG,HK,HKG
,,San Tsuen,22.383333,114.116667,HONG KONG,HK,HKG
,,San Tsun,22.383333,114.116667,HONG KONG,HK,HKG
,,San Tong Po,22.516667,114.166667,HONG KONG,HK,HKG
,,San Tin Wai,22.366667,114.183333,HONG KONG,HK,HKG
,,San Tin San Wai,22.483333,114.05,HONG KONG,HK,HKG
,,San Tin Hang,22.4,114.283333,HONG KONG,HK,HKG
,,San Tau Yiu,22.5,114.233333,HONG KONG,HK,HKG
,,Shan Tau Kok,22.466667,114.2,HONG KONG,HK,HKG
,,San Tau Kok,22.466667,114.2,HONG KONG,HK,HKG
,,San Po Kong,22.333333,114.2,HONG KONG,HK,HKG
,,San Lung Wai,22.45,114.1,HONG KONG,HK,HKG
,,San Hing Tsuen,22.416667,113.983333,HONG KONG,HK,HKG
,,San Hei Tsuen,22.433333,114,HONG KONG,HK,HKG
,,Sam Tsuen,22.366667,114.116667,HONG KONG,HK,HKG
,,Sam Shing Hui,22.383333,113.983333,HONG KONG,HK,HKG
,,Sam Shing Hiu,22.383333,113.983333,HONG KONG,HK,HKG
,,Sam Pak,22.316667,114.016667,HONG KONG,HK,HKG
,,Sam Mun Tsai,22.45,114.25,HONG KONG,HK,HKG
,,Tai Uk Wai,22.366667,114.116667,HONG KONG,HK,HKG
,,Tai Tung Wo Liu,22.416667,114.266667,HONG KONG,HK,HKG
,,Tai Tong,22.416667,114.016667,HONG KONG,HK,HKG
,,Tai Tau Ling,22.5,114.116667,HONG KONG,HK,HKG
,,Tai Tau Leng,22.5,114.116667,HONG KONG,HK,HKG
,,San Uk Tsai,22.5,114.116667,HONG KONG,HK,HKG
,,Epworth Village,22.266667,114.233333,HONG KONG,HK,HKG
,,Dills Corner,22.5,114.1,HONG KONG,HK,HKG
,,Chung Wai,22.466667,114.35,HONG KONG,HK,HKG
,,Chung Sam Wai,22.45,114.016667,HONG KONG,HK,HKG
,,Chung Pui,22.483333,114.233333,HONG KONG,HK,HKG
,,Chung Mei,22.5,114.233333,HONG KONG,HK,HKG
,,Po Tong Ha,22.416667,113.966667,HONG KONG,HK,HKG
,,Po Lo Shan,22.416667,114.083333,HONG KONG,HK,HKG
,,Pang Ka Tsuen,22.45,114.066667,HONG KONG,HK,HKG
,,Chuen Lung,22.4,114.1,HONG KONG,HK,HKG
,,Choi Hung,22.333333,114.2,HONG KONG,HK,HKG
,,Cheung Ting,22.25,113.883333,HONG KONG,HK,HKG
,,Cheung Sok,22.333333,114.016667,HONG KONG,HK,HKG
,,Cheung Shue Tau,22.366667,114.1,HONG KONG,HK,HKG
,,Cheung Shui Tan,22.433333,114.2,HONG KONG,HK,HKG
,,Cheung Shue Tan,22.433333,114.2,HONG KONG,HK,HKG
,,Cheung Sheung,22.433333,114.3,HONG KONG,HK,HKG
,,Cheung Sha Wan,22.233333,114,HONG KONG,HK,HKG
,,Pak Sha Tsuen,22.416667,114.016667,HONG KONG,HK,HKG
,,Pak Sha Tau,22.533333,114.283333,HONG KONG,HK,HKG
,,Pak Sha O Ha Yeung,22.45,114.316667,HONG KONG,HK,HKG
,,Fan Leng Lau,22.5,114.133333,HONG KONG,HK,HKG
,,Tai Tam,22.216667,114.216667,HONG KONG,HK,HKG
,,Tai She Wan,22.35,114.333333,HONG KONG,HK,HKG
,,Tai Shang Wai,22.483333,114.033333,HONG KONG,HK,HKG
,,Ngong Ping,22.383333,114.25,HONG KONG,HK,HKG
,,Nga Yiu Tau,22.433333,114.033333,HONG KONG,HK,HKG
,,Nga Yiu Tau,22.416667,114.266667,HONG KONG,HK,HKG
,,Nga Yiu Ha,22.55,114.15,HONG KONG,HK,HKG
,,Chap Mun Tau,22.266667,113.933333,HONG KONG,HK,HKG
,,Chan Uk Po,22.483333,114.116667,HONG KONG,HK,HKG
,,Cha Kwo Ling,22.3,114.233333,HONG KONG,HK,HKG
,,Chai Wan Kok,22.383333,114.1,HONG KONG,HK,HKG
,,Castle Peak New Town,22.4,113.966667,HONG KONG,HK,HKG
,,Tai Kok Tsui,22.316667,114.166667,HONG KONG,HK,HKG
,,Tai Kok Tsu,22.316667,114.166667,HONG KONG,HK,HKG
,,Ta-chiao Tsui,22.316667,114.166667,HONG KONG,HK,HKG
,,Tai Kau,22.5,114.283333,HONG KONG,HK,HKG
,,Tai Hong Tsuen,22.433333,114.066667,HONG KONG,HK,HKG
,,Tai Hom Village,22.35,114.2,HONG KONG,HK,HKG
,,Tai Hom,22.433333,114.3,HONG KONG,HK,HKG
,,Tai Hang Hau,22.3,114.3,HONG KONG,HK,HKG
,,Tai Hang Village,22.283333,114.183333,HONG KONG,HK,HKG
,,Tai hang tsun,22.283333,114.183333,HONG KONG,HK,HKG
,,Tai Hang,22.283333,114.183333,HONG KONG,HK,HKG
,,Tai Chuen,22.35,114.05,HONG KONG,HK,HKG
,,Tai Ching Cheung,22.35,114.133333,HONG KONG,HK,HKG
,,Tai Chau To,22.516667,114.3,HONG KONG,HK,HKG
,,Sz Tsz Uk,22.45,114.033333,HONG KONG,HK,HKG
,,Ngau Tam Mei,22.483333,114.05,HONG KONG,HK,HKG
,,Yau Tam Mei,22.483333,114.05,HONG KONG,HK,HKG
,,Ngau Pei Sha,22.383333,114.2,HONG KONG,HK,HKG
,,Pak Kung Au,22.333333,114.233333,HONG KONG,HK,HKG
,,Pak Kong Au,22.383333,114.266667,HONG KONG,HK,HKG
,,Pak Kok San Tsuen,22.233333,114.116667,HONG KONG,HK,HKG
,,Pak Kiu,22.45,114.166667,HONG KONG,HK,HKG
,,Tai Peng,22.233333,114.116667,HONG KONG,HK,HKG
,,Tai Om Shan,22.433333,114.133333,HONG KONG,HK,HKG
,,Tai Om,22.45,114.133333,HONG KONG,HK,HKG
,,Tai No,22.366667,114.233333,HONG KONG,HK,HKG
,,Sheung Keng Hau,22.366667,114.166667,HONG KONG,HK,HKG
,,Sheung King Hau,22.366667,114.166667,HONG KONG,HK,HKG
,,Sheung Hoi Pa,22.366667,114.116667,HONG KONG,HK,HKG
,,Sheung Cheung Wai,22.45,114,HONG KONG,HK,HKG
,,Sheung Che,22.45,114.1,HONG KONG,HK,HKG
,,She Tau,22.4,114.3,HONG KONG,HK,HKG
,,She Shan,22.45,114.133333,HONG KONG,HK,HKG
,,Shek Wai Kok,22.383333,114.116667,HONG KONG,HK,HKG
,,Muk Wu Chuen Yiu,22.55,114.133333,HONG KONG,HK,HKG
,,Muk Min Tau,22.55,114.216667,HONG KONG,HK,HKG
,,Muk Min Shan,22.383333,114.266667,HONG KONG,HK,HKG
,,Muk Min Ha,22.383333,114.116667,HONG KONG,HK,HKG
,,Mui Tsz Lam,22.516667,114.25,HONG KONG,HK,HKG
,,Mui Tsz Lam,22.4,114.233333,HONG KONG,HK,HKG
,,Mo To Tang,22.533333,114.266667,HONG KONG,HK,HKG
,,Mau Tat Wan,22.216667,114.15,HONG KONG,HK,HKG
,,Mo Tat Wan,22.216667,114.15,HONG KONG,HK,HKG
,,Mong Tung Hang,22.333333,114.033333,HONG KONG,HK,HKG
,,Wong Uk,22.383333,114.2,HONG KONG,HK,HKG
,,Tai Lam Chung Wong Uk,22.366667,114.016667,HONG KONG,HK,HKG
,,Wong Uk,22.366667,114.016667,HONG KONG,HK,HKG
,,Wong Tai Sin,22.35,114.183333,HONG KONG,HK,HKG
,,Wong Nai Tau,22.383333,114.216667,HONG KONG,HK,HKG
,,Wong Mau Kok,22.45,114.35,HONG KONG,HK,HKG
,,Wong Keng Tei,22.4,114.316667,HONG KONG,HK,HKG
,,Wong Ka Wai,22.4,113.983333,HONG KONG,HK,HKG
,,Wang-chia-wei,22.4,113.983333,HONG KONG,HK,HKG
,,Wong Fung Leng,22.4,113.983333,HONG KONG,HK,HKG
,,Siu Om Shan,22.433333,114.133333,HONG KONG,HK,HKG
,,Siu Lek Yuen,22.383333,114.216667,HONG KONG,HK,HKG
,,Siu Lik Yuen,22.383333,114.216667,HONG KONG,HK,HKG
,,Shouson Hill,22.25,114.183333,HONG KONG,HK,HKG
,,Shing Uk Tsuen,22.466667,114.016667,HONG KONG,HK,HKG
,,Shing On,22.283333,114.216667,HONG KONG,HK,HKG
,,Hok Tau Wai,22.5,114.166667,HONG KONG,HK,HKG
,,Hok Tau,22.5,114.166667,HONG KONG,HK,HKG
,,Hoi Pa,22.366667,114.116667,HONG KONG,HK,HKG
,,Hoi Ha,22.466667,114.333333,HONG KONG,HK,HKG
,,Hin Tin,22.366667,114.166667,HONG KONG,HK,HKG
,,Shek Tau Wai,22.433333,114.1,HONG KONG,HK,HKG
,,Shek Pok Wai,22.35,114.233333,HONG KONG,HK,HKG
,,Lung Wo Tsuen,22.333333,114.233333,HONG KONG,HK,HKG
,,Lo Wai,22.5,114.15,HONG KONG,HK,HKG
,,Lo Wai,22.383333,114.116667,HONG KONG,HK,HKG
,,Lo Uk Tsuen,22.45,113.983333,HONG KONG,HK,HKG
,,Lo Uk,22.266667,114.233333,HONG KONG,HK,HKG
,,Lo Tsz Tin,22.466667,114.216667,HONG KONG,HK,HKG
,,Lo Tik Wan,22.233333,114.116667,HONG KONG,HK,HKG
,,Lo So Shing,22.2,114.116667,HONG KONG,HK,HKG
,,Lo Shue Ling,22.533333,114.15,HONG KONG,HK,HKG
,,Chai Wan Resettlement Area,22.266667,114.233333,HONG KONG,HK,HKG
,,Hing Wah Tsuen,22.266667,114.233333,HONG KONG,HK,HKG
,,Hing Lung Tsuen,22.45,114.166667,HONG KONG,HK,HKG
,,Heung Yuen Wai,22.55,114.166667,HONG KONG,HK,HKG
,,Aberdeen,22.25,114.15,HONG KONG,HK,HKG
,,Heung Kong Tsai,22.25,114.15,HONG KONG,HK,HKG
,,Shekpaiwan,22.25,114.15,HONG KONG,HK,HKG
,,Heung Chung,22.35,114.25,HONG KONG,HK,HKG
,,Ha Yuen Leng,22.333333,114.2,HONG KONG,HK,HKG
,,Ha Yau Tin,22.433333,114.033333,HONG KONG,HK,HKG
,,Ha Wun Yiu,22.433333,114.166667,HONG KONG,HK,HKG
,,Mau Wu Tsai,22.316667,114.25,HONG KONG,HK,HKG
,,Lau Shui Heung,22.5,114.166667,HONG KONG,HK,HKG
,,Lau Fau Sha,22.283333,113.933333,HONG KONG,HK,HKG
,,Lap Wo Tsuen,22.533333,114.216667,HONG KONG,HK,HKG
,,Lan Nai Wan Lei Uk,22.383333,114.333333,HONG KONG,HK,HKG
,,Lan Nai Wan,22.25,114.233333,HONG KONG,HK,HKG
,,Shan Ha Tsuen,22.433333,114.016667,HONG KONG,HK,HKG
,,Shan Tseng,22.366667,114.05,HONG KONG,HK,HKG
,,Sham Tseng,22.366667,114.05,HONG KONG,HK,HKG
,,Sam Cheung,22.366667,114.05,HONG KONG,HK,HKG
,,Jordan Valley,22.333333,114.216667,HONG KONG,HK,HKG
,,Hung Tso Tin,22.433333,114.033333,HONG KONG,HK,HKG
,,Hung Tin,22.45,114.033333,HONG KONG,HK,HKG
,,Hung Shing Ye,22.216667,114.116667,HONG KONG,HK,HKG
,,Hung Leng,22.516667,114.166667,HONG KONG,HK,HKG
,,Pun Shan Chau,22.433333,114.166667,HONG KONG,HK,HKG
,,Pun Chun Yuen,22.45,114.15,HONG KONG,HK,HKG
,,Tsat Muk Kiu,22.516667,114.216667,HONG KONG,HK,HKG
,,Ha Tsat Muk Kiu,22.516667,114.216667,HONG KONG,HK,HKG
,,Tsai muk kiu,22.516667,114.216667,HONG KONG,HK,HKG
,,Ha Tei Ha,22.466667,114.2,HONG KONG,HK,HKG
,,Ha Tam Shui Hang,22.55,114.216667,HONG KONG,HK,HKG
,,Tam Shui Hang,22.55,114.216667,HONG KONG,HK,HKG
,,Hang Tau Tai Po,22.5,114.1,HONG KONG,HK,HKG
,,Hang Tau,22.483333,114.1,HONG KONG,HK,HKG
,,Hang Tau,22.45,114,HONG KONG,HK,HKG
,,Fu Yung Shan,22.383333,114.116667,HONG KONG,HK,HKG
,,Fu Tei Wan,22.3,113.933333,HONG KONG,HK,HKG
,,Fu Tei Kok,22.35,114.1,HONG KONG,HK,HKG
,,Mau Po,22.3,114.283333,HONG KONG,HK,HKG
,,Mau Ping San Uk,22.383333,114.233333,HONG KONG,HK,HKG
,,Ma Tso Lung San Tsuen,22.533333,114.1,HONG KONG,HK,HKG
,,Ma Tseuk Leng San Uk Ha,22.533333,114.2,HONG KONG,HK,HKG
,,Ma Tseuk Leng,22.533333,114.2,HONG KONG,HK,HKG
,,Lam Tin,22.35,114.1,HONG KONG,HK,HKG
,,Lam Hau,22.433333,114.016667,HONG KONG,HK,HKG
,,Sham Shui Po,22.333333,114.15,HONG KONG,HK,HKG
,,Shan Shin Po,22.333333,114.15,HONG KONG,HK,HKG
,,Sam shui po,22.333333,114.15,HONG KONG,HK,HKG
,,Sha Ling,22.533333,114.116667,HONG KONG,HK,HKG
,,Sha Kong Wai Tsai,22.466667,113.983333,HONG KONG,HK,HKG
,,Sha Kong Miu,22.466667,113.983333,HONG KONG,HK,HKG
,,Sha Kok Mei,22.383333,114.266667,HONG KONG,HK,HKG
,,Sha Kok Mi,22.383333,114.266667,HONG KONG,HK,HKG
,,Hung-k’an,22.3,114.183333,HONG KONG,HK,HKG
,,Hung Hom,22.3,114.183333,HONG KONG,HK,HKG
,,Ho Tung Lau,22.4,114.2,HONG KONG,HK,HKG
,,Ho Tin,22.4,113.966667,HONG KONG,HK,HKG
,,Hong Mei Tsuen,22.45,113.983333,HONG KONG,HK,HKG
,,Pan Chung San Tsuen,22.45,114.166667,HONG KONG,HK,HKG
,,Pak Wan,22.35,114.066667,HONG KONG,HK,HKG
,,Pak Tin Pa,22.383333,114.116667,HONG KONG,HK,HKG
,,Liu Pok,22.533333,114.1,HONG KONG,HK,HKG
,,Lin Tong Mei Tsoi Yuen,22.483333,114.116667,HONG KONG,HK,HKG
,,Lin Tong Mei,22.483333,114.116667,HONG KONG,HK,HKG
,,Ling Nam San Tsuen,22.3,114.233333,HONG KONG,HK,HKG
,,Lin Fa Tei,22.433333,114.083333,HONG KONG,HK,HKG
,,Leung Shui Tseng,22.45,114.133333,HONG KONG,HK,HKG
,,Leung Shuen Wan,22.35,114.35,HONG KONG,HK,HKG
,,Leng Tsai,22.516667,114.166667,HONG KONG,HK,HKG
,,Lei Yue Mun,22.283333,114.233333,HONG KONG,HK,HKG
,,Lye Mun,22.283333,114.233333,HONG KONG,HK,HKG
,,Lei U Mun,22.283333,114.233333,HONG KONG,HK,HKG
,,San Uk Tsuen,22.366667,114.1,HONG KONG,HK,HKG
,,San Uk Tsai,22.45,114.133333,HONG KONG,HK,HKG
,,San Uk Ling,22.533333,114.133333,HONG KONG,HK,HKG
,,San Uk Ha,22.433333,114.166667,HONG KONG,HK,HKG
,,San Tsuen,22.55,114.216667,HONG KONG,HK,HKG
,,San Tsuen,22.45,114.1,HONG KONG,HK,HKG
,,Sam Long Tsuen,22.333333,114.233333,HONG KONG,HK,HKG
,,Sam Ka Tsuen,22.283333,114.233333,HONG KONG,HK,HKG
,,Sam Chuen,22.35,114.05,HONG KONG,HK,HKG
,,Sam A Tsuen,22.516667,114.266667,HONG KONG,HK,HKG
,,Sam A Chung,22.516667,114.266667,HONG KONG,HK,HKG
,,Fung Yuen Lo Tsuen,22.466667,114.183333,HONG KONG,HK,HKG
,,Fung Yuen,22.466667,114.183333,HONG KONG,HK,HKG
,,Fung Wong Wu,22.533333,114.15,HONG KONG,HK,HKG
,,Fung Chi Heung,22.45,114.016667,HONG KONG,HK,HKG
,,Fuk Tak Kung,22.533333,114.1,HONG KONG,HK,HKG
,,Fuk Lo Tsuen,22.466667,113.983333,HONG KONG,HK,HKG
,,Fuk Hing Lei,22.466667,114.05,HONG KONG,HK,HKG
,,Fui Yiu Ha,22.383333,114.266667,HONG KONG,HK,HKG
,,Fui Yiu,22.35,114.133333,HONG KONG,HK,HKG
,,Fui Sha Wai,22.433333,114,HONG KONG,HK,HKG
,,Tai Po Tsai,22.333333,114.25,HONG KONG,HK,HKG
,,Tai Po Tin,22.533333,114.15,HONG KONG,HK,HKG
,,Tai Po Kau San Wai,22.433333,114.183333,HONG KONG,HK,HKG
,,Tai Po Kau Hui,22.45,114.166667,HONG KONG,HK,HKG
,,Tai Po Kau Residential Area,22.433333,114.183333,HONG KONG,HK,HKG
,,Tai Po Kau,22.433333,114.183333,HONG KONG,HK,HKG
,,Pak Tin,22.383333,114.166667,HONG KONG,HK,HKG
,,Pak Tam Chung,22.4,114.316667,HONG KONG,HK,HKG
,,Pak Tam Au,22.416667,114.333333,HONG KONG,HK,HKG
,,Pak Tam,22.416667,114.316667,HONG KONG,HK,HKG
,,Pak Shek Kiu,22.4,114.1,HONG KONG,HK,HKG
,,Pak Shek,22.366667,114.166667,HONG KONG,HK,HKG
,,Pak Sha Wo Liu,22.416667,114.016667,HONG KONG,HK,HKG
,,Chung Hau,22.266667,114,HONG KONG,HK,HKG
,,Chung Hau,22.233333,114,HONG KONG,HK,HKG
,,Chun Fa Lok,22.333333,114.1,HONG KONG,HK,HKG
,,Chuk Hang,22.466667,114.166667,HONG KONG,HK,HKG
,,Chuk Hang,22.45,114.1,HONG KONG,HK,HKG
,,Po Kat Tsai,22.5,114.166667,HONG KONG,HK,HKG
,,Ping Shek,22.333333,114.2,HONG KONG,HK,HKG
,,Ping Shan Tsai,22.483333,114.183333,HONG KONG,HK,HKG
,,Ping Shan Chai,22.483333,114.183333,HONG KONG,HK,HKG
,,Ping Long,22.45,114.133333,HONG KONG,HK,HKG
,,Ping Kong,22.483333,114.116667,HONG KONG,HK,HKG
,,Ping Che,22.533333,114.166667,HONG KONG,HK,HKG
,,Pik Uk,22.35,114.25,HONG KONG,HK,HKG
,,Peang,22.283333,114.033333,HONG KONG,HK,HKG
,,Ping Chau,22.283333,114.033333,HONG KONG,HK,HKG
,,Peng Chau,22.283333,114.033333,HONG KONG,HK,HKG
,,Cheung Po,22.416667,114.066667,HONG KONG,HK,HKG
,,Cheung Pei Shan,22.383333,114.133333,HONG KONG,HK,HKG
,,Cheung Lek Mei,22.416667,114.183333,HONG KONG,HK,HKG
,,Cheung Kong,22.45,114.066667,HONG KONG,HK,HKG
,,Cheung Kang,22.433333,114.233333,HONG KONG,HK,HKG
,,Cheung Chau,22.216667,114.016667,HONG KONG,HK,HKG
,,Chikking,22.416667,114.35,HONG KONG,HK,HKG
,,Chek Keng,22.416667,114.35,HONG KONG,HK,HKG
,,Chik Kang,22.416667,114.35,HONG KONG,HK,HKG
,,Che Keng Tuk,22.366667,114.266667,HONG KONG,HK,HKG
,,Tai Wai,22.383333,114.183333,HONG KONG,HK,HKG
,,Tai-wo-shi,22.45,114.166667,HONG KONG,HK,HKG
,,Tai Po Old Market,22.45,114.166667,HONG KONG,HK,HKG
,,Tai-po-hui,22.45,114.166667,HONG KONG,HK,HKG
,,Tai Po,22.45,114.166667,HONG KONG,HK,HKG
,,Tai Po Market,22.45,114.166667,HONG KONG,HK,HKG
,,Tai Ping Shan,22.283333,114.15,HONG KONG,HK,HKG
,,Tai Peng,22.266667,114.25,HONG KONG,HK,HKG
,,Ngau Liu,22.4,114.266667,HONG KONG,HK,HKG
,,Ngau Liu,22.4,114.1,HONG KONG,HK,HKG
,,Ngau Liu,22.35,114.233333,HONG KONG,HK,HKG
,,Ngau Kok Wan,22.366667,114.083333,HONG KONG,HK,HKG
,,Ngau Keng,22.433333,114.083333,HONG KONG,HK,HKG
,,Niu-tzu-wan,22.333333,114.2,HONG KONG,HK,HKG
,,Ngau Chi Wan,22.333333,114.2,HONG KONG,HK,HKG
,,Stanley,22.216667,114.2,HONG KONG,HK,HKG
,,Chiktsui,22.216667,114.2,HONG KONG,HK,HKG
,,Chik Chu,22.216667,114.2,HONG KONG,HK,HKG
,,Chek Chue,22.216667,114.2,HONG KONG,HK,HKG
,,Stanley Village,22.216667,114.2,HONG KONG,HK,HKG
,,Port Stanley,22.216667,114.2,HONG KONG,HK,HKG
,,Au Tau,22.45,114.033333,HONG KONG,HK,HKG
,,Au Pui Wan,22.4,114.166667,HONG KONG,HK,HKG
,,Pak A,22.35,114.35,HONG KONG,HK,HKG
,,Pai Tau,22.383333,114.183333,HONG KONG,HK,HKG
,,Pai Mun,22.416667,114.2,HONG KONG,HK,HKG
,,O Pui Lung,22.283333,114.216667,HONG KONG,HK,HKG
,,Tsuen Wan,22.366667,114.1,HONG KONG,HK,HKG
,,Ch’üan-wan,22.366667,114.1,HONG KONG,HK,HKG
,,Tsun Wan,22.366667,114.1,HONG KONG,HK,HKG
,,Tsun Wan Wai,22.366667,114.1,HONG KONG,HK,HKG
,,Yung Shue Long,22.233333,114.116667,HONG KONG,HK,HKG
,,Yung Shue Au,22.433333,114.283333,HONG KONG,HK,HKG
,,Yeung Shu Au,22.433333,114.283333,HONG KONG,HK,HKG
,,Yuen Tun Ha,22.433333,114.15,HONG KONG,HK,HKG
,,Tai Mong Tsai,22.4,114.3,HONG KONG,HK,HKG
,,Tai Mei Tuk,22.466667,114.233333,HONG KONG,HK,HKG
,,Tai Long,22.216667,114,HONG KONG,HK,HKG
,,Ta-lang,22.216667,114,HONG KONG,HK,HKG
,,So Lo Pun,22.533333,114.25,HONG KONG,HK,HKG
,,Sok Kwu Wan,22.2,114.133333,HONG KONG,HK,HKG
,,Nim Au,22.416667,114.2,HONG KONG,HK,HKG
,,Ng Uk Tsuen,22.5,114.116667,HONG KONG,HK,HKG
,,Ng Uk Tsuen,22.466667,114.016667,HONG KONG,HK,HKG
,,Tai Lam Wu,22.35,114.233333,HONG KONG,HK,HKG
,,Tai Lam Liu,22.383333,114.216667,HONG KONG,HK,HKG
,,Sheung Yeung,22.316667,114.283333,HONG KONG,HK,HKG
,,Sheung Yau Tin,22.433333,114.033333,HONG KONG,HK,HKG
,,Sheung Wun Yiu,22.433333,114.166667,HONG KONG,HK,HKG
,,Won Yiu,22.433333,114.166667,HONG KONG,HK,HKG
,,Sheung Wong Yi Au,22.433333,114.183333,HONG KONG,HK,HKG
,,Sheung Wan,22.283333,114.15,HONG KONG,HK,HKG
,,Mid Levels,22.283333,114.15,HONG KONG,HK,HKG
,,Ma Yin Tung Pai Chong,22.2,114.033333,HONG KONG,HK,HKG
,,Ma Wo,22.45,114.15,HONG KONG,HK,HKG
,,Ma Wat Wai,22.5,114.15,HONG KONG,HK,HKG
,,Ma Wat,22.5,114.15,HONG KONG,HK,HKG
,,Ma Wan,22.35,114.05,HONG KONG,HK,HKG
,,Ma Wan,22.283333,113.933333,HONG KONG,HK,HKG
,,Yam Tsai,22.333333,114.016667,HONG KONG,HK,HKG
,,Wu Shek Kok,22.533333,114.216667,HONG KONG,HK,HKG
,,Wu Nga Lok Yeung,22.5,114.133333,HONG KONG,HK,HKG
,,Wu Lei Tau,22.366667,114.25,HONG KONG,HK,HKG
,,Wu Kau Tang,22.5,114.233333,HONG KONG,HK,HKG
,,Wo Yi Hop,22.383333,114.133333,HONG KONG,HK,HKG
,,Wo lei hop,22.383333,114.133333,HONG KONG,HK,HKG
,,Wo Li Hop,22.383333,114.133333,HONG KONG,HK,HKG
,,Wo Tong Kong,22.316667,114.266667,HONG KONG,HK,HKG
,,Wo Sheung Au,22.283333,113.983333,HONG KONG,HK,HKG
,,Wo Shang Wai,22.483333,114.05,HONG KONG,HK,HKG
,,Wong Yi Chau,22.383333,114.316667,HONG KONG,HK,HKG
,,Siu Kau,22.483333,114.283333,HONG KONG,HK,HKG
,,Siu Hang Tsuen,22.516667,114.15,HONG KONG,HK,HKG
,,Siu Hang San Tsuen,22.516667,114.15,HONG KONG,HK,HKG
,,Siu Hang Hau,22.3,114.283333,HONG KONG,HK,HKG
,,Sin Yan Tseng,22.2,114.016667,HONG KONG,HK,HKG
,,Sik Kong Wai,22.45,113.983333,HONG KONG,HK,HKG
,,Sek Kong Wai,22.45,113.983333,HONG KONG,HK,HKG
,,Sek Kong,22.45,113.983333,HONG KONG,HK,HKG
,,Sik Kong Tsuen,22.45,113.983333,HONG KONG,HK,HKG
,,Shui Tsiu Lo Wai,22.433333,114.033333,HONG KONG,HK,HKG
,,Shui Tseng Wan,22.25,114,HONG KONG,HK,HKG
,,Shui Pin Wai,22.45,114.016667,HONG KONG,HK,HKG
,,Shui Pin Tsuen,22.45,114.016667,HONG KONG,HK,HKG
,,Shui Mong Tin,22.45,114.216667,HONG KONG,HK,HKG
,,Shuen Wan Chim Uk,22.466667,114.2,HONG KONG,HK,HKG
,,Ha Wan Tsuen,22.516667,114.066667,HONG KONG,HK,HKG
,,Ha Wai,22.466667,114.35,HONG KONG,HK,HKG
,,Sheung Tsat Muk Kiu,22.5,114.216667,HONG KONG,HK,HKG
,,Sheung Tam Shui Hang,22.55,114.216667,HONG KONG,HK,HKG
,,Sheung Shui,22.516667,114.116667,HONG KONG,HK,HKG
,,Sheung Shui Tsuen,22.516667,114.116667,HONG KONG,HK,HKG
,,Sheung San Wai,22.466667,114.05,HONG KONG,HK,HKG
,,Sheung Ling Pei,22.283333,113.933333,HONG KONG,HK,HKG
,,Sheung Kwai Chung Wai,22.383333,114.133333,HONG KONG,HK,HKG
,,Sheung Ko Tan,22.35,114.1,HONG KONG,HK,HKG
,,Nai Tong Kok,22.5,114.25,HONG KONG,HK,HKG
,,Lung Mei Tau,22.416667,114.366667,HONG KONG,HK,HKG
,,Lung Mei,22.4,114.266667,HONG KONG,HK,HKG
,,Lung A Pai,22.45,114.133333,HONG KONG,HK,HKG
,,Luk Wu,22.25,113.883333,HONG KONG,HK,HKG
,,Luk Keng Chan Uk,22.516667,114.216667,HONG KONG,HK,HKG
,,Luen Wo San Tsuen,22.5,114.133333,HONG KONG,HK,HKG
,,Lo Wu,22.533333,114.116667,HONG KONG,HK,HKG
,,Ho Man Tin,22.316667,114.183333,HONG KONG,HK,HKG
,,Ho Lek Pui,22.533333,114.216667,HONG KONG,HK,HKG
,,Ho Lek Pui,22.416667,114.183333,HONG KONG,HK,HKG
,,Hok Tsui Wan,22.216667,114.25,HONG KONG,HK,HKG
,,Ma Shan,22.283333,114.216667,HONG KONG,HK,HKG
,,Ma On Kong,22.416667,114.066667,HONG KONG,HK,HKG
,,Man Wo,22.35,114.233333,HONG KONG,HK,HKG
,,Man Kok,22.266667,114.016667,HONG KONG,HK,HKG
,,Man Kam To,22.533333,114.133333,HONG KONG,HK,HKG
,,Ma Niu Shui,22.5,114.283333,HONG KONG,HK,HKG
,,Ma Niu,22.416667,114.2,HONG KONG,HK,HKG
,,Mang Tong,22.266667,114,HONG KONG,HK,HKG
,,Mang Kung Uk,22.316667,114.266667,HONG KONG,HK,HKG
,,Lai Tau Shek,22.516667,114.266667,HONG KONG,HK,HKG
,,Lai Chi Wo,22.533333,114.25,HONG KONG,HK,HKG
,,Lai Chi Kok,22.333333,114.133333,HONG KONG,HK,HKG
,,Lai Chi Chong,22.45,114.3,HONG KONG,HK,HKG
,,Lai Chee Chong,22.45,114.3,HONG KONG,HK,HKG
,,Kwun Yam Keng,22.433333,114.116667,HONG KONG,HK,HKG
,,Kwun Tong,22.316667,114.216667,HONG KONG,HK,HKG
,,Kun Tong,22.316667,114.216667,HONG KONG,HK,HKG
,,Kuan T’ang,22.316667,114.216667,HONG KONG,HK,HKG
,,Kon Tong,22.316667,114.216667,HONG KONG,HK,HKG
,,Kung Tong,22.316667,114.216667,HONG KONG,HK,HKG
,,Sha Ha,22.383333,114.266667,HONG KONG,HK,HKG
,,San Wai Tsai,22.416667,113.966667,HONG KONG,HK,HKG
,,Kan Tau Wai,22.533333,114.15,HONG KONG,HK,HKG
,,Kan Tau Tsuen,22.516667,114.166667,HONG KONG,HK,HKG
,,Kam Tsta Wai,22.433333,114.066667,HONG KONG,HK,HKG
,,Kam Tsin Wai,22.433333,114.066667,HONG KONG,HK,HKG
,,Sai Wan Ho,22.283333,114.216667,HONG KONG,HK,HKG
,,Sai Wan Estate,22.283333,114.133333,HONG KONG,HK,HKG
,,Sai Wan,22.4,114.366667,HONG KONG,HK,HKG
,,Sai Tsuen,22.283333,113.983333,HONG KONG,HK,HKG
,,Sai Tso Wan,22.316667,114.233333,HONG KONG,HK,HKG
,,Sai Tau Wai,22.45,114.016667,HONG KONG,HK,HKG
,,Sai Shan Tsuen,22.45,113.983333,HONG KONG,HK,HKG
,,Sai Lau Kok,22.383333,114.116667,HONG KONG,HK,HKG
,,Hang Pui,22.233333,113.883333,HONG KONG,HK,HKG
,,Hang Mei Tsuen,22.45,114,HONG KONG,HK,HKG
,,Hang Hau Town,22.316667,114.266667,HONG KONG,HK,HKG
,,Hang Hau,22.316667,114.266667,HONG KONG,HK,HKG
,,Ham Tin,22.316667,114.233333,HONG KONG,HK,HKG
,,Ha Miu Tin,22.5,114.266667,HONG KONG,HK,HKG
,,Ha Mei San Tsuen,22.45,114,HONG KONG,HK,HKG
,,Ha Ling Pei,22.283333,113.933333,HONG KONG,HK,HKG
,,Ha Kwai Chung,22.366667,114.133333,HONG KONG,HK,HKG
,,Ha Keng,22.216667,114,HONG KONG,HK,HKG
,,Ha Hung,22.466667,114.183333,HONG KONG,HK,HKG
,,Ha Hang,22.466667,114.183333,HONG KONG,HK,HKG
,,Ha Chung Mei,22.35,114.1,HONG KONG,HK,HKG
,,Ha Chuk Yuen,22.483333,114.05,HONG KONG,HK,HKG
,,Ma Nam Wat,22.35,114.266667,HONG KONG,HK,HKG
,,Mak Uk,22.466667,114.183333,HONG KONG,HK,HKG
,,Mai Po San Tsuen,22.5,114.066667,HONG KONG,HK,HKG
,,Mai Po Lo Wai,22.5,114.066667,HONG KONG,HK,HKG
,,Lei Uk Tsuen,22.45,113.983333,HONG KONG,HK,HKG
,,Lei Uk Tsuen,22.433333,114,HONG KONG,HK,HKG
,,Sha Po,22.45,114.05,HONG KONG,HK,HKG
,,Sha Po,22.216667,114.116667,HONG KONG,HK,HKG
,,Shan Tsui,22.55,114.216667,HONG KONG,HK,HKG
,,Shan Mei,22.4,114.183333,HONG KONG,HK,HKG
,,Shan Liu,22.4,114.266667,HONG KONG,HK,HKG
,,Kam Tin San Tsuen,22.45,114.066667,HONG KONG,HK,HKG
,,Kam Shan,22.45,114.15,HONG KONG,HK,HKG
,,Kak Tin,22.366667,114.183333,HONG KONG,HK,HKG
,,Kai Yi Wan,22.333333,114.366667,HONG KONG,HK,HKG
,,Kai Kuk Shue Ha,22.533333,114.216667,HONG KONG,HK,HKG
,,Kik Yeung Tsuen,22.45,114.016667,HONG KONG,HK,HKG
,,Kei Pik Shan,22.366667,114.25,HONG KONG,HK,HKG
,,Kei Ling Ha San Wei,22.416667,114.266667,HONG KONG,HK,HKG
,,Kei Ling Ha San Wai,22.416667,114.266667,HONG KONG,HK,HKG
,,Kei Ling Ha Lo Wai,22.416667,114.266667,HONG KONG,HK,HKG
,,Kei Ling Ha Lo Wei,22.416667,114.266667,HONG KONG,HK,HKG
,,Kau Wa Keng San Tsuen,22.35,114.133333,HONG KONG,HK,HKG
,,Kau Wa Kang,22.35,114.133333,HONG KONG,HK,HKG
,,Kau Wa Keng,22.35,114.133333,HONG KONG,HK,HKG
,,Kau Pa Kang,22.35,114.133333,HONG KONG,HK,HKG
,,Kau Tsin Uk,22.35,114.233333,HONG KONG,HK,HKG
,,Kau Tam Tso,22.5,114.25,HONG KONG,HK,HKG
,,Kau Shat Wan,22.266667,114.016667,HONG KONG,HK,HKG
,,Kuk Liu,22.383333,114.166667,HONG KONG,HK,HKG
,,Kowloon,22.333333,114.183333,HONG KONG,HK,HKG
,,Kau Lung Sheng,22.333333,114.183333,HONG KONG,HK,HKG
,,Chiu-lung-ku-ch’eng,22.333333,114.183333,HONG KONG,HK,HKG
,,Kowloon City,22.333333,114.183333,HONG KONG,HK,HKG
,,Ko Tong Ha Yeung,22.433333,114.333333,HONG KONG,HK,HKG
,,Ha Yeung,22.433333,114.333333,HONG KONG,HK,HKG
,,Ko Tin Hom,22.45,114.133333,HONG KONG,HK,HKG
,,Ko Po Tsuen,22.45,114.05,HONG KONG,HK,HKG
,,Ko Po,22.516667,114.166667,HONG KONG,HK,HKG
,,Kong Tau Tsuen,22.433333,114.033333,HONG KONG,HK,HKG
,,Kong Tau San Tsuen,22.433333,114.033333,HONG KONG,HK,HKG
,,Kong Ha,22.55,114.216667,HONG KONG,HK,HKG
,,Ng Tung Chai,22.433333,114.133333,HONG KONG,HK,HKG
,,Au Pui Tong,22.55,114.283333,HONG KONG,HK,HKG
,,Au Ha,22.533333,114.2,HONG KONG,HK,HKG
,,A Shan Tseng Tau,22.466667,114.2,HONG KONG,HK,HKG
,,A Po Long,22.283333,114,HONG KONG,HK,HKG
,,A Ma Wat,22.516667,114.25,HONG KONG,HK,HKG
,,A Kung Tin,22.45,114.1,HONG KONG,HK,HKG
,,Nam Shan Mei,22.483333,114.2,HONG KONG,HK,HKG
,,Nam Shan,22.383333,114.266667,HONG KONG,HK,HKG
,,Nam Pin Wai,22.45,114.033333,HONG KONG,HK,HKG
,,Nam Pin Wai,22.35,114.25,HONG KONG,HK,HKG
,,Nam Hang,22.466667,114.166667,HONG KONG,HK,HKG
,,Nam Hang,22.433333,114.033333,HONG KONG,HK,HKG
,,Nam Fung Chau,22.35,114.35,HONG KONG,HK,HKG
,,Nam Chung Lo Uk,22.516667,114.2,HONG KONG,HK,HKG
,,Nam Chung Lei Uk,22.516667,114.216667,HONG KONG,HK,HKG
,,Nam Chung Cheung Uk,22.516667,114.216667,HONG KONG,HK,HKG
,,Nam Chung,22.25,113.866667,HONG KONG,HK,HKG
,,Nai Wai,22.416667,113.983333,HONG KONG,HK,HKG
,,Kiu Tau Wai,22.45,114,HONG KONG,HK,HKG
,,Kau Man,22.283333,114.216667,HONG KONG,HK,HKG
,,Kau Lung Hang San Wai,22.483333,114.15,HONG KONG,HK,HKG
,,Kau Lung Hang,22.483333,114.166667,HONG KONG,HK,HKG
,,Kau Lung Hang Lo Wai,22.483333,114.166667,HONG KONG,HK,HKG
,,Kat Hing Wai,22.45,114.066667,HONG KONG,HK,HKG
,,Kwo Lo Wan,22.3,113.933333,HONG KONG,HK,HKG
,,Kwai Tau Leng,22.5,114.183333,HONG KONG,HK,HKG
,,Kwai Tau Ling,22.5,114.183333,HONG KONG,HK,HKG
,,Kwai Po Lau,22.433333,114.233333,HONG KONG,HK,HKG
,,Kung Man Tsuen,22.283333,114.116667,HONG KONG,HK,HKG
,,Nam Wa Po,22.483333,114.15,HONG KONG,HK,HKG
,,Shan Ting Tsuen,22.283333,114.033333,HONG KONG,HK,HKG
,,Ka Loon Tsuen,22.358056,114.033889,HONG KONG,HK,HKG
,,Tai Lin Pai,22.366667,114.133333,HONG KONG,HK,HKG
,,Siu Hang Tsuen,22.416667,113.966667,HONG KONG,HK,HKG
,,Siu A Chau Tsuen,22.183333,113.9,HONG KONG,HK,HKG
,,Shui Wo,22.45,114.116667,HONG KONG,HK,HKG
,,Shui Tin Tsuen,22.45,114.016667,HONG KONG,HK,HKG
,,Shui Mei,22.45,114.066667,HONG KONG,HK,HKG
,,San Tong,22.45,114.133333,HONG KONG,HK,HKG
,,Sam Tung Uk,22.366667,114.116667,HONG KONG,HK,HKG
,,Tai Kong Po,22.45,114.066667,HONG KONG,HK,HKG
,,Sam Fai Tin,22.366667,114.25,HONG KONG,HK,HKG
,,Fu Tau Wat,22.283333,114.216667,HONG KONG,HK,HKG
,,Ta Pang Po,22.333333,114.016667,HONG KONG,HK,HKG
,,Tan Chuk Hang,22.516667,114.183333,HONG KONG,HK,HKG
,,Tai Wo Hau Resettlement Area,22.366667,114.133333,HONG KONG,HK,HKG
,,Tai Wo Hau,22.366667,114.133333,HONG KONG,HK,HKG
,,Tai Wan San Tsuen,22.216667,114.116667,HONG KONG,HK,HKG
,,Tai Wan Tsun,22.216667,114.116667,HONG KONG,HK,HKG
,,Tai Wan Tsan,22.216667,114.116667,HONG KONG,HK,HKG
,,Tai Wan Tsuen,22.216667,114.116667,HONG KONG,HK,HKG
,,Yuen Leng,22.483333,114.15,HONG KONG,HK,HKG
,,Yue Kok,22.466667,114.183333,HONG KONG,HK,HKG
,,Wong Uk,22.45,114.033333,HONG KONG,HK,HKG
,,Wong Nai Uk,22.283333,113.933333,HONG KONG,HK,HKG
,,Wong Keng Tsai,22.35,114.233333,HONG KONG,HK,HKG
,,Pak Sha Tsai,22.45,114.016667,HONG KONG,HK,HKG
,,Pak Sha O,22.45,114.316667,HONG KONG,HK,HKG
,,Pak Sha Au,22.45,114.316667,HONG KONG,HK,HKG
,,Shan Pui,22.45,114.033333,HONG KONG,HK,HKG
,,Shan Kai Wat,22.416667,113.966667,HONG KONG,HK,HKG
,,Sham Wan Tsuen,22.316667,113.933333,HONG KONG,HK,HKG
,,Sha Lan,22.466667,114.2,HONG KONG,HK,HKG
,,Shek Pai Wan Resettlement Estate,22.25,114.166667,HONG KONG,HK,HKG
,,Nim Shue Wan Tsuen,22.3,114.016667,HONG KONG,HK,HKG
,,Nim Shue Wan,22.3,114.016667,HONG KONG,HK,HKG
,,Ngong Wo,22.4,114.283333,HONG KONG,HK,HKG
,,A Shan San Wai,22.466667,114.2,HONG KONG,HK,HKG
,,Tsing Tau,22.466667,114.2,HONG KONG,HK,HKG
,,A Shan,22.466667,114.2,HONG KONG,HK,HKG
,,Kiu Tsui,22.366667,114.283333,HONG KONG,HK,HKG
,,Nam Wan,22.35,114.083333,HONG KONG,HK,HKG
,,Kings Park,22.316667,114.166667,HONG KONG,HK,HKG
,,Kei Lun Wai,22.416667,113.966667,HONG KONG,HK,HKG
,,Nam She,22.433333,114.366667,HONG KONG,HK,HKG
,,Fung Wong Village,22.35,114.2,HONG KONG,HK,HKG
,,Fung Kat Heung,22.45,114.05,HONG KONG,HK,HKG
,,Fuk Hing Tsuen,22.45,114.016667,HONG KONG,HK,HKG
,,Fan Shui Au,22.516667,114.25,HONG KONG,HK,HKG
,,Hok Tau Pai,22.516667,114.183333,HONG KONG,HK,HKG
,,Sai Tso Wan,22.35,114.083333,HONG KONG,HK,HKG
,,Yim Tso Ha,22.533333,114.2,HONG KONG,HK,HKG
,,Yau Ma Ti,22.316667,114.166667,HONG KONG,HK,HKG
,,Yau Ma Tei,22.316667,114.166667,HONG KONG,HK,HKG
,,Wong Chuk Yeung,22.4,114.166667,HONG KONG,HK,HKG
,,Wo Liu,22.4,114.283333,HONG KONG,HK,HKG
,,Wo Hang Tai Long,22.533333,114.2,HONG KONG,HK,HKG
,,Wing Ning Tsuen,22.45,114.016667,HONG KONG,HK,HKG
,,Tung O,22.2,114.133333,HONG KONG,HK,HKG
,,Sau Mau Ping,22.316667,114.233333,HONG KONG,HK,HKG
,,Kap Pin Long,22.383333,114.266667,HONG KONG,HK,HKG
,,Kam Hing Wai,22.45,114.066667,HONG KONG,HK,HKG
,,Tai No Sheung Yeung,22.366667,114.233333,HONG KONG,HK,HKG
,,Ho Sheung Heung,22.516667,114.1,HONG KONG,HK,HKG
,,San Uk Tsuen,22.45,113.983333,HONG KONG,HK,HKG
,,San Uk,22.4,114.266667,HONG KONG,HK,HKG
,,Shek Kong,22.433333,114.1,HONG KONG,HK,HKG
,,Sek Kong,22.433333,114.1,HONG KONG,HK,HKG
,,Shek Chung Au,22.533333,114.216667,HONG KONG,HK,HKG
,,Lap Wo Tsuen,22.533333,114.216667,HONG KONG,HK,HKG
,,Tung Tau Tsuen,22.45,114.033333,HONG KONG,HK,HKG
,,Tsiu Hang,22.55,114.216667,HONG KONG,HK,HKG
,,Sai Kung Tuk,22.383333,114.266667,HONG KONG,HK,HKG
,,Tai Tung,22.433333,114.266667,HONG KONG,HK,HKG
,,Tai Tan,22.433333,114.333333,HONG KONG,HK,HKG
,,Tai Hang Mei,22.166667,114.25,HONG KONG,HK,HKG
,,Tai Chik Sha,22.3,114.283333,HONG KONG,HK,HKG
,,Ta Ho Tun,22.366667,114.266667,HONG KONG,HK,HKG
,,Sz Pak,22.316667,114.033333,HONG KONG,HK,HKG
,,Sze Pak,22.316667,114.033333,HONG KONG,HK,HKG
,,Pun Shan Tsuen,22.383333,114.1,HONG KONG,HK,HKG
,,Ha Shan Kai Wat,22.516667,114.15,HONG KONG,HK,HKG
,,Shan Kai Wat,22.516667,114.15,HONG KONG,HK,HKG
,,Tai Po Tau,22.45,114.15,HONG KONG,HK,HKG
,,Tsiu Wo,22.3,114.283333,HONG KONG,HK,HKG
,,Tong Yan San Tsuen,22.433333,114,HONG KONG,HK,HKG
,,Tong Yau San Tsuen,22.433333,114,HONG KONG,HK,HKG
,,Tin Sam,22.433333,114.066667,HONG KONG,HK,HKG
,,Tin Liu,22.383333,114.183333,HONG KONG,HK,HKG
,,Yuen Tun,22.366667,114.05,HONG KONG,HK,HKG
,,Tai Lam Chung Wu Uk,22.366667,114.016667,HONG KONG,HK,HKG
,,Wu Uk,22.366667,114.016667,HONG KONG,HK,HKG
,,Cheung Uk Wai,22.416667,114.366667,HONG KONG,HK,HKG
,,Lau Hang,22.466667,114.183333,HONG KONG,HK,HKG
,,Lan Nai Wan Man Uk,22.383333,114.333333,HONG KONG,HK,HKG
,,Pai Tau Hang,22.383333,114.183333,HONG KONG,HK,HKG
,,On Lung Tsuen,22.5,114.066667,HONG KONG,HK,HKG
,,On Lok Tsuen,22.5,114.133333,HONG KONG,HK,HKG
,,Sheung Yiu,22.4,114.316667,HONG KONG,HK,HKG
,,Sheung Tong,22.4,114.083333,HONG KONG,HK,HKG
,,Sheung Shui Wa Shan,22.516667,114.133333,HONG KONG,HK,HKG
,,Sheung Lau Wan,22.283333,114.283333,HONG KONG,HK,HKG
,,Hang Mei,22.25,113.866667,HONG KONG,HK,HKG
,,Ham Tin,22.416667,114.366667,HONG KONG,HK,HKG
,,Tai Long Ham Tin,22.416667,114.366667,HONG KONG,HK,HKG
,,Tai Long,22.416667,114.366667,HONG KONG,HK,HKG
,,Muk Wu,22.55,114.133333,HONG KONG,HK,HKG
,,Mui Wo Kau Tsuen,22.266667,113.983333,HONG KONG,HK,HKG
,,Pak Ngau Heung,22.266667,113.983333,HONG KONG,HK,HKG
,,Mount Davis,22.283333,114.116667,HONG KONG,HK,HKG
,,Liu To,22.35,114.1,HONG KONG,HK,HKG
,,Min Fong,22.4,114.183333,HONG KONG,HK,HKG
,,Ma Wat Tsuen,22.5,114.15,HONG KONG,HK,HKG
,,Chung Uk,22.25,113.866667,HONG KONG,HK,HKG
,,Sheung Fa Shan,22.383333,114.083333,HONG KONG,HK,HKG
,,Shek Wu Wai,22.5,114.066667,HONG KONG,HK,HKG
,,Fu Yung Pit,22.383333,114.25,HONG KONG,HK,HKG
,,Fu Tei Pai,22.5,114.166667,HONG KONG,HK,HKG
,,Pak Tin,22.333333,114.166667,HONG KONG,HK,HKG
,,Pak Shek Au,22.5,114.083333,HONG KONG,HK,HKG
,,Chuk Un,22.35,114.183333,HONG KONG,HK,HKG
,,Chuk Yuen,22.35,114.183333,HONG KONG,HK,HKG
,,Nai Chung,22.433333,114.25,HONG KONG,HK,HKG
,,Mau Tso Ngam,22.366667,114.216667,HONG KONG,HK,HKG
,,Ma Po Mei,22.45,114.133333,HONG KONG,HK,HKG
,,Lung Tin Tsuen,22.433333,114.016667,HONG KONG,HK,HKG
,,Lung Mei,22.466667,114.233333,HONG KONG,HK,HKG
,,Po Toi O,22.283333,114.3,HONG KONG,HK,HKG
,,Lo Shue Tin,22.366667,114.216667,HONG KONG,HK,HKG
,,Pa Tau Kwu,22.316667,114.05,HONG KONG,HK,HKG
,,Chi Ma Hang,22.2,114.033333,HONG KONG,HK,HKG
,,Nam Shan,22.383333,114.216667,HONG KONG,HK,HKG
,,Nam Chung Lam Uk,22.516667,114.216667,HONG KONG,HK,HKG
,,Kaosai,22.35,114.316667,HONG KONG,HK,HKG
,,Kau Sai,22.35,114.316667,HONG KONG,HK,HKG
,,Kau Liu Ha,22.466667,114.15,HONG KONG,HK,HKG
,,Kwan Tei,22.516667,114.15,HONG KONG,HK,HKG
,,Ko Tong,22.433333,114.316667,HONG KONG,HK,HKG
,,Man Hang,22.4,114.183333,HONG KONG,HK,HKG
,,Ngau Tau Kok,22.316667,114.216667,HONG KONG,HK,HKG
,,Ngau Liu Ha,22.45,114.216667,HONG KONG,HK,HKG
,,Ngau Hom,22.466667,113.983333,HONG KONG,HK,HKG
,,Che Ha,22.433333,114.266667,HONG KONG,HK,HKG
,,Lo Lau Uk,22.433333,114.166667,HONG KONG,HK,HKG
,,Loi Tung Tsuen,22.516667,114.183333,HONG KONG,HK,HKG
,,Loi Tung,22.516667,114.183333,HONG KONG,HK,HKG
,,Chap Wai Kon,22.383333,114.2,HONG KONG,HK,HKG
,,Holy Cross Path Village,22.283333,114.216667,HONG KONG,HK,HKG
,,Man Uk Pin,22.533333,114.183333,HONG KONG,HK,HKG
,,San Kwai Tin,22.55,114.183333,HONG KONG,HK,HKG
,,Wo Sheung Tun,22.416667,114.183333,HONG KONG,HK,HKG
,,Ha Kwai Chung,22.35,114.133333,HONG KONG,HK,HKG
,,Kwai Chung,22.35,114.133333,HONG KONG,HK,HKG
,,So Kwun Po,22.5,114.133333,HONG KONG,HK,HKG
,,So Kon Po,22.5,114.133333,HONG KONG,HK,HKG
,,Wong Wan,22.516667,114.3,HONG KONG,HK,HKG
,,Tung Tau Tsuen,22.45,113.983333,HONG KONG,HK,HKG
,,Wang Leng Tau,22.483333,114.25,HONG KONG,HK,HKG
,,Wong Ling,22.483333,114.25,HONG KONG,HK,HKG
,,Wang Ling Tau,22.483333,114.25,HONG KONG,HK,HKG
,,Wang Ling,22.483333,114.25,HONG KONG,HK,HKG
,,Wang Ling Chui,22.483333,114.25,HONG KONG,HK,HKG
,,Pak Kong Tsun,22.383333,114.25,HONG KONG,HK,HKG
,,Pak Kong,22.383333,114.25,HONG KONG,HK,HKG
,,Kau Shi Wai,22.466667,114.183333,HONG KONG,HK,HKG
,,Caroline Hill,22.283333,114.183333,HONG KONG,HK,HKG
,,Lam Tsuen San Tsuen,22.45,114.133333,HONG KONG,HK,HKG
,,Shan Liu,22.483333,114.216667,HONG KONG,HK,HKG
,,Ma On Shan,22.4,114.233333,HONG KONG,HK,HKG
,,Ma On Shan Tsuen,22.4,114.233333,HONG KONG,HK,HKG
,,Man Cheung Po,22.233333,113.866667,HONG KONG,HK,HKG
,,Lei Uk,22.533333,114.15,HONG KONG,HK,HKG
,,Ma Tau Wai,22.316667,114.183333,HONG KONG,HK,HKG
,,Cheung Sha Wan,22.333333,114.15,HONG KONG,HK,HKG
,,Po Sam Pai,22.466667,114.2,HONG KONG,HK,HKG
,,Pok Wai,22.466667,114.05,HONG KONG,HK,HKG
,,Wong Nai Fai,22.433333,114.2,HONG KONG,HK,HKG
,,Upper Keung Shan,22.25,113.883333,HONG KONG,HK,HKG
,,Tung Tau Village,22.333333,114.183333,HONG KONG,HK,HKG
,,Tung Tau Tsun,22.333333,114.183333,HONG KONG,HK,HKG
,,Tung Tau,22.333333,114.183333,HONG KONG,HK,HKG
,,Tung Tau Tsuen,22.333333,114.183333,HONG KONG,HK,HKG
,,Wan Tau Kok,22.45,114.166667,HONG KONG,HK,HKG
,,Pan Chung,22.45,114.166667,HONG KONG,HK,HKG
,,Yau Yat Tsuen,22.333333,114.166667,HONG KONG,HK,HKG
,,Wong Yue Tan,22.466667,114.2,HONG KONG,HK,HKG
,,Jardines Lookout,22.266667,114.183333,HONG KONG,HK,HKG
,,Ho Pui,22.416667,114.066667,HONG KONG,HK,HKG
,,San Wai,22.45,113.983333,HONG KONG,HK,HKG
,,Tai Che,22.383333,114.216667,HONG KONG,HK,HKG
,,Sheung Sz Wan,22.316667,114.283333,HONG KONG,HK,HKG
,,Ma Wan Tsuen,22.283333,114.233333,HONG KONG,HK,HKG
,,New Kowloon,22.333333,114.15,HONG KONG,HK,HKG
,,Shuen Wan,22.466667,114.2,HONG KONG,HK,HKG
,,Hang Ha Po,22.45,114.133333,HONG KONG,HK,HKG
,,Ha Ko Tan,22.35,114.1,HONG KONG,HK,HKG
,,Shek Pik Au,22.266667,113.933333,HONG KONG,HK,HKG
,,Chung Uk Tsuen,22.45,114.133333,HONG KONG,HK,HKG
,,Ha Wai,22.45,114.1,HONG KONG,HK,HKG
,,Ho Chung,22.35,114.25,HONG KONG,HK,HKG
,,Heung Fan Liu,22.383333,114.166667,HONG KONG,HK,HKG
,,Ha Wong Yi Au,22.433333,114.166667,HONG KONG,HK,HKG
,,Pai Chong,22.216667,114.016667,HONG KONG,HK,HKG
,,North Point Estate,22.3,114.2,HONG KONG,HK,HKG
,,Tsat Sing Kong,22.45,114.083333,HONG KONG,HK,HKG
,,To Yuen Tung,22.45,114.166667,HONG KONG,HK,HKG
,,Tsung Yuen,22.516667,114.116667,HONG KONG,HK,HKG
,,Tsoi Yuen Tsuen,22.266667,113.983333,HONG KONG,HK,HKG
,,Shek Hang,22.416667,114.3,HONG KONG,HK,HKG
,,Tsing Lung Tsuen,22.5,114.066667,HONG KONG,HK,HKG
,,Tsim Sha Tsui,22.3,114.166667,HONG KONG,HK,HKG
,,Tan Cheung,22.383333,114.266667,HONG KONG,HK,HKG
,,Tai Wo,22.35,114.133333,HONG KONG,HK,HKG
,,Tung Lo Wan,22.283333,114.183333,HONG KONG,HK,HKG
,,Tong Lo Wan,22.283333,114.183333,HONG KONG,HK,HKG
,,Causeway Bay,22.283333,114.183333,HONG KONG,HK,HKG
,,Tung Chan Wai,22.5,114.066667,HONG KONG,HK,HKG
,,Wai Ha,22.466667,114.2,HONG KONG,HK,HKG
,,Tan Shan Tsuen,22.333333,114.233333,HONG KONG,HK,HKG
,,Pak Ngau Shek,22.45,114.116667,HONG KONG,HK,HKG
,,Tai Long,22.416667,114.366667,HONG KONG,HK,HKG
,,Fan Leng Nam Wai,22.5,114.133333,HONG KONG,HK,HKG
,,Yuen Ng Fan,22.383333,114.333333,HONG KONG,HK,HKG
,,Siu Chik Sha,22.3,114.266667,HONG KONG,HK,HKG
,,Shui Tsan Tin,22.433333,114.083333,HONG KONG,HK,HKG
,,Tai Po Tau Lo Wai,22.45,114.15,HONG KONG,HK,HKG
,,Fu Tau Pun Chau,22.333333,114.366667,HONG KONG,HK,HKG
,,Fuk Lok Tsuen,22.383333,114.166667,HONG KONG,HK,HKG
,,Shek Wu Tong,22.433333,114.066667,HONG KONG,HK,HKG
,,Sai Shan,22.35,114.116667,HONG KONG,HK,HKG
,,Tai Tseng Wai,22.466667,114.016667,HONG KONG,HK,HKG
,,Leung Uk,22.25,113.866667,HONG KONG,HK,HKG
,,Lek Mei,22.533333,114.2,HONG KONG,HK,HKG
,,Nam Shan,22.45,114.3,HONG KONG,HK,HKG
,,Nam Shan Tung,22.45,114.3,HONG KONG,HK,HKG
,,Nam Fung Wan,22.383333,114.333333,HONG KONG,HK,HKG
,,Long Keng,22.4,114.283333,HONG KONG,HK,HKG
,,Lai Chi Shan,22.433333,114.166667,HONG KONG,HK,HKG
,,Kwun Yam Shan,22.366667,114.216667,HONG KONG,HK,HKG
,,Tak Yuet Lau,22.533333,114.116667,HONG KONG,HK,HKG
,,Yau Yue Wan,22.333333,114.25,HONG KONG,HK,HKG
,,Chung Ji,22.333333,114.25,HONG KONG,HK,HKG
,,Yaoyuwan,22.333333,114.25,HONG KONG,HK,HKG
,,Yau Ue Wan,22.333333,114.25,HONG KONG,HK,HKG
,,Kat O Sheung Wai,22.55,114.283333,HONG KONG,HK,HKG
,,Kat O,22.55,114.283333,HONG KONG,HK,HKG
,,Wong Nai Tun,22.416667,114.016667,HONG KONG,HK,HKG
,,Tai Lam Chung,22.366667,114.016667,HONG KONG,HK,HKG
,,Tai Lam Chung Tsuen,22.366667,114.016667,HONG KONG,HK,HKG
,,Tolamchin,22.366667,114.016667,HONG KONG,HK,HKG
,,Pun Uk Tsuen,22.516667,114.083333,HONG KONG,HK,HKG
,,Shek Wo Hui,22.5,114.116667,HONG KONG,HK,HKG
,,Shek Wu Hui,22.5,114.116667,HONG KONG,HK,HKG
,,Ngau Wu Tok,22.4,114.183333,HONG KONG,HK,HKG
,,Cheung Shek Pai,22.166667,114.25,HONG KONG,HK,HKG
,,Kam Tin Shi,22.433333,114.066667,HONG KONG,HK,HKG
,,Kamtinhu,22.433333,114.066667,HONG KONG,HK,HKG
,,Kam Tin Hui,22.433333,114.066667,HONG KONG,HK,HKG
,,Hung Uk Tsuen,22.433333,114,HONG KONG,HK,HKG
,,Luk Keng,22.516667,114.216667,HONG KONG,HK,HKG
,,Lawkong,22.516667,114.216667,HONG KONG,HK,HKG
,,Luk Keng Wong Uk,22.516667,114.216667,HONG KONG,HK,HKG
,,Lu-ching,22.516667,114.216667,HONG KONG,HK,HKG
,,Ping Shan,22.45,114,HONG KONG,HK,HKG
,,P’ing-shan-hsü,22.45,114,HONG KONG,HK,HKG
,,San Tin,22.5,114.066667,HONG KONG,HK,HKG
,,Pak Waii,22.366667,114.25,HONG KONG,HK,HKG
,,Pak Wai,22.366667,114.25,HONG KONG,HK,HKG
,,Ma Tin Tsuen,22.433333,114.016667,HONG KONG,HK,HKG
,,Tai Wai,22.45,114.033333,HONG KONG,HK,HKG
,,Sha Tsiu,22.366667,114.35,HONG KONG,HK,HKG
,,Sheung Wo Hang,22.533333,114.2,HONG KONG,HK,HKG
,,Ha Heung Yuen,22.55,114.166667,HONG KONG,HK,HKG
,,Kong Pui Tsuen,22.366667,114.216667,HONG KONG,HK,HKG
,,Kau To,22.416667,114.2,HONG KONG,HK,HKG
,,Pak Ngan Heung,22.266667,113.983333,HONG KONG,HK,HKG
,,Mui Wo,22.266667,113.983333,HONG KONG,HK,HKG
,,Lin Ma Hang,22.55,114.183333,HONG KONG,HK,HKG
,,Tsing Chuen Wai,22.433333,114.033333,HONG KONG,HK,HKG
,,O Tau,22.4,114.283333,HONG KONG,HK,HKG
,,Tsung Pak Long,22.5,114.116667,HONG KONG,HK,HKG
,,Tit Kim Hang,22.4,114.3,HONG KONG,HK,HKG
,,Chek Nai Ping,22.416667,114.2,HONG KONG,HK,HKG
,,Sha-t’ou-chiao,22.55,114.216667,HONG KONG,HK,HKG
,,Shatoujiao,22.55,114.216667,HONG KONG,HK,HKG
,,Sha Tau Kok,22.55,114.216667,HONG KONG,HK,HKG
,,Chuk Yuen,22.35,114.233333,HONG KONG,HK,HKG
,,Lo Uk Tsuen,22.433333,114.1,HONG KONG,HK,HKG
,,Wo Liu Hang,22.4,114.2,HONG KONG,HK,HKG
,,Tsz Tong Tsuen,22.433333,114.066667,HONG KONG,HK,HKG
,,North Point,22.3,114.2,HONG KONG,HK,HKG
,,Tsat Tsz Mui,22.3,114.2,HONG KONG,HK,HKG
,,Pak Kok,22.3,114.2,HONG KONG,HK,HKG
,,Luen Wo Market,22.5,114.133333,HONG KONG,HK,HKG
,,Fung Ka Wai,22.466667,114.016667,HONG KONG,HK,HKG
,,Kuk Po,22.533333,114.233333,HONG KONG,HK,HKG
,,香港,22.283333,114.15,HONG KONG,HK,HKG
,,Hong Kong,22.283333,114.15,HONG KONG,HK,HKG
,,Xianggang,22.283333,114.15,HONG KONG,HK,HKG
